aardsda01,1981,12,27,USA,CO,Denver,,,,,,,David,Aardsma,David Allan,215,75,R,R,2004-04-06,2015-08-23,aardd001,aardsda01
aaronha01,1934,2,5,USA,AL,Mobile,,,,,,,Hank,Aaron,Henry Louis,180,72,R,R,1954-04-13,1976-10-03,aaroh101,aaronha01
aaronto01,1939,8,5,USA,AL,Mobile,1984,8,16,USA,GA,Atlanta,Tommie,Aaron,Tommie Lee,190,75,R,R,1962-04-10,1971-09-26,aarot101,aaronto01
aasedo01,1954,9,8,USA,CA,Orange,,,,,,,Don,Aase,Donald William,190,75,R,R,1977-07-26,1990-10-03,aased001,aasedo01
abadan01,1972,8,25,USA,FL,Palm Beach,,,,,,,Andy,Abad,Fausto Andres,184,73,L,L,2001-09-10,2006-04-13,abada001,abadan01
abadfe01,1985,12,17,D.R.,La Romana,La Romana,,,,,,,Fernando,Abad,Fernando Antonio,220,73,L,L,2010-07-28,2017-10-01,abadf001,abadfe01
abadijo01,1850,11,4,USA,PA,Philadelphia,1905,5,17,USA,NJ,Pemberton,John,Abadie,John W.,192,72,R,R,1875-04-26,1875-06-10,abadj101,abadijo01
abbated01,1877,4,15,USA,PA,Latrobe,1957,1,6,USA,FL,Fort Lauderdale,Ed,Abbaticchio,Edward James,170,71,R,R,1897-09-04,1910-09-15,abbae101,abbated01
abbeybe01,1869,11,11,USA,VT,Essex,1962,6,11,USA,VT,Colchester,Bert,Abbey,Bert Wood,175,71,R,R,1892-06-14,1896-09-23,abbeb101,abbeybe01
abbeych01,1866,10,14,USA,NE,Falls City,1926,4,27,USA,CA,San Francisco,Charlie,Abbey,Charles S.,169,68,L,L,1893-08-16,1897-08-19,abbec101,abbeych01
abbotda01,1862,3,16,USA,OH,Portage,1930,2,13,USA,MI,Ottawa Lake,Dan,Abbott,Leander Franklin,190,71,R,R,1890-04-19,1890-05-23,abbod101,abbotda01
abbotfr01,1874,10,22,USA,OH,Versailles,1935,6,11,USA,CA,Los Angeles,Fred,Abbott,Harry Frederick,180,70,R,R,1903-04-25,1905-09-20,abbof101,abbotfr01
abbotgl01,1951,2,16,USA,AR,Little Rock,,,,,,,Glenn,Abbott,William Glenn,200,78,R,R,1973-07-29,1984-08-08,abbog001,abbotgl01
abbotje01,1972,8,17,USA,GA,Atlanta,,,,,,,Jeff,Abbott,Jeffrey William,190,74,R,L,1997-06-10,2001-09-29,abboj002,abbotje01
abbotji01,1967,9,19,USA,MI,Flint,,,,,,,Jim,Abbott,James Anthony,200,75,L,L,1989-04-08,1999-07-21,abboj001,abbotji01
abbotku01,1969,6,2,USA,OH,Zanesville,,,,,,,Kurt,Abbott,Kurt Thomas,180,71,R,R,1993-09-07,2001-04-13,abbok002,abbotku01
abbotky01,1968,2,18,USA,MA,Newburyport,,,,,,,Kyle,Abbott,Lawrence Kyle,200,76,L,L,1991-09-10,1996-08-24,abbok001,abbotky01
abbotod01,1886,9,5,USA,PA,New Eagle,1933,4,13,USA,DC,Washington,Ody,Abbott,Ody Cleon,165,69,L,R,1910-09-10,1910-10-15,abboo101,abbotod01
abbotpa01,1967,9,15,USA,CA,Van Nuys,,,,,,,Paul,Abbott,Paul David,185,75,R,R,1990-08-21,2004-08-07,abbop001,abbotpa01
aberal01,1927,7,31,USA,OH,Cleveland,1993,5,20,USA,OH,Garfield Heights,Al,Aber,Albert Julius,195,74,L,L,1950-09-15,1957-09-11,abera101,aberal01
abercda01,1850,1,2,USA,OK,Fort Towson,1939,11,11,USA,PA,Philadelphia,Frank,Abercrombie,Francis Patterson,,,,,1871-10-21,1871-10-21,aberd101,abercda01
abercre01,1980,7,15,USA,GA,Columbus,,,,,,,Reggie,Abercrombie,Reginald Damascus,215,75,R,R,2006-04-04,2008-09-28,aberr001,abercre01
abernbi01,1929,1,30,USA,CA,Torrance,2006,2,19,USA,CA,Yucaipa,Bill,Abernathie,William Edward,190,70,R,R,1952-09-27,1952-09-27,aberb101,abernbi01
abernbr01,1977,9,23,USA,GA,Atlanta,,,,,,,Brent,Abernathy,Michael Brent,185,73,R,R,2001-06-25,2005-09-29,aberb001,abernbr01
abernte01,1921,10,30,USA,NC,Bynum,2001,11,16,USA,NC,Charlotte,Ted,Abernathy,Talmadge Lafayette,210,74,R,L,1942-09-19,1944-04-29,abert102,abernte01
abernte02,1933,3,6,USA,NC,Stanley,2004,12,16,USA,NC,Gastonia,Ted,Abernathy,Theodore Wade,215,76,R,R,1955-04-13,1972-09-30,abert101,abernte02
abernwo01,1915,2,1,USA,NC,Forest City,1994,12,5,USA,KY,Louisville,Woody,Abernathy,Virgil Woodrow,170,72,L,L,1946-07-28,1947-04-17,aberw101,abernwo01
aberscl01,1921,8,28,USA,IL,Chicago,1973,6,23,USA,CA,Vallejo,Cliff,Aberson,Clifford Alexander,200,72,R,R,1947-07-18,1949-05-09,aberc101,aberscl01
ablesha01,1883,10,4,USA,TX,Terrell,1951,2,8,USA,TX,San Antonio,Harry,Ables,Harry Terrell,200,74,R,L,1905-09-04,1911-05-05,ableh101,ablesha01
abnersh01,1966,6,17,USA,OH,Hamilton,,,,,,,Shawn,Abner,Shawn Wesley,190,73,R,R,1987-09-08,1992-10-03,abnes001,abnersh01
abramca01,1924,3,2,USA,PA,Philadelphia,1997,2,25,USA,FL,Fort Lauderdale,Cal,Abrams,Calvin Ross,185,72,L,L,1949-04-19,1956-05-09,abrac101,abramca01
abramge01,1899,11,9,USA,WA,Seattle,1986,12,5,USA,FL,Clearwater,George,Abrams,George Allen,170,69,R,R,1923-04-19,1923-05-04,abrag101,abramge01
abregjo01,1962,7,4,USA,TX,Corpus Christi,,,,,,,Johnny,Abrego,Johnny Ray,185,72,R,R,1985-09-04,1985-10-03,abrej001,abregjo01
abreubo01,1974,3,11,Venezuela,Aragua,Maracay,,,,,,,Bobby,Abreu,Bob Kelly,220,72,L,R,1996-09-01,2014-09-28,abreb001,abreubo01
abreujo01,1913,5,24,USA,CA,Oakland,1993,3,17,USA,CA,Hayward,Joe,Abreu,Joseph Lawrence,160,68,R,R,1942-04-23,1942-07-11,abrej101,abreujo01
abreujo02,1987,1,29,Cuba,Cienfuegos,Cienfuegos,,,,,,,Jose,Abreu,Jose Dariel,255,75,R,R,2014-03-31,2017-10-01,abrej003,abreujo02
abreuju01,1985,4,8,D.R.,Duarte,San Francisco de Macoris,,,,,,,Juan,Abreu,Juan de Dios,185,72,R,R,2011-08-29,2011-09-27,abrej002,abreuju01
abreuto01,1984,11,13,D.R.,Puerto Plata,Puerto Plata,,,,,,,Tony,Abreu,Etanislao Toni,200,70,B,R,2007-05-22,2014-07-28,abret001,abreuto01
abreuwi01,1977,4,5,D.R.,Sanchez Ramirez,Cotui,,,,,,,Winston,Abreu,Winston Leonardo,170,74,R,R,2006-08-06,2009-07-25,abrew001,abreuwi01
abstebi01,1883,2,2,USA,MO,St. Louis,1940,4,8,USA,MO,St. Louis,Bill,Abstein,William Henry,185,72,R,R,1906-09-25,1910-06-02,abstb101,abstebi01
accarje01,1981,12,18,USA,AZ,Phoenix,,,,,,,Jeremy,Accardo,Jeremiah Lee,195,72,R,R,2005-05-04,2012-09-27,accaj001,accarje01
aceveal01,1982,12,8,Mexico,Sonora,San Luis Rio Colorado,,,,,,,Alfredo,Aceves,Alfredo,205,74,R,R,2008-08-31,2014-06-02,aceva001,aceveal01
acevejo01,1977,12,18,D.R.,Distrito Nacional,Santo Domingo,,,,,,,Jose,Acevedo,Jose Omar,185,72,R,R,2001-06-19,2005-09-29,acevj002,acevejo01
aceveju01,1970,5,5,Mexico,Chihuahua,Ciudad Juarez,,,,,,,Juan,Acevedo,Juan Carlos,245,74,R,R,1995-04-30,2003-08-05,acevj001,aceveju01
achteaj01,1988,8,27,USA,OH,Toledo,,,,,,,A. J.,Achter,Adam Joseph,215,77,R,R,2014-09-03,2016-10-01,achta001,achteaj01
ackerji01,1958,9,24,USA,TX,Freer,,,,,,,Jim,Acker,James Justin,210,74,R,R,1983-04-07,1992-06-14,ackej001,ackerji01
ackerto01,1930,3,7,USA,NJ,Paterson,,,,,,,Tom,Acker,Thomas James,215,76,R,R,1956-04-20,1959-09-20,acket101,ackerto01
ackledu01,1988,2,26,USA,NC,Winston-Salem,,,,,,,Dustin,Ackley,Dustin Michael,205,73,L,R,2011-06-17,2016-05-29,ackld001,ackledu01
acklefr01,1937,4,10,USA,WI,Hayward,2002,5,22,USA,MN,Duluth,Fritz,Ackley,Florian Frederick,202,73,L,R,1963-09-21,1964-05-09,acklf101,acklefr01
acostcy01,1946,11,22,Mexico,Sinaloa,El Sabino,,,,,,,Cy,Acosta,Cecilio,165,70,R,R,1972-06-04,1975-05-05,acosc101,acostcy01
acosted01,1944,3,9,Panama,Chiriqui,Boquete,,,,,,,Ed,Acosta,Eduardo Elixbet,215,77,B,R,1970-09-07,1972-10-04,acose101,acosted01
acostjo01,1891,3,4,Cuba,La Habana,La Habana,1977,11,16,Cuba,La Habana,La Habana,Jose,Acosta,Jose,134,66,R,R,1920-07-28,1922-05-12,acosj101,acostjo01
acostma01,1981,5,1,Panama,Colon,Colon,,,,,,,Manny,Acosta,Manuel Alcides,215,76,R,R,2007-08-12,2012-10-03,acosm001,acostma01
acostme01,1896,5,19,Cuba,,Bauta,1963,11,17,USA,FL,Miami,Merito,Acosta,Baldomero Pedro,140,67,L,L,1913-06-15,1918-09-02,acosm101,acostme01
acrema01,1968,9,16,USA,CA,Concord,,,,,,,Mark,Acre,Mark Robert,235,80,R,R,1994-05-13,1997-05-10,acrem001,acrema01
actama99,1969,1,11,D.R.,San Pedro de Macoris,San Pedro de Macoris,,,,,,,Manny,Acta,Manuel Elias,172,74,R,R,,,actam801,actama99
adairbi99,1913,2,10,USA,AL,Mobile,2002,6,17,USA,AL,Bay Minette,Bill,Adair,Marion Danne,168,72,R,R,,,adaib801,adairbi99
adairje01,1936,12,17,USA,OK,Sand Springs,1987,5,31,USA,OK,Tulsa,Jerry,Adair,Kenneth Jerry,175,72,R,R,1958-09-02,1970-05-03,adaij101,adairje01
adairji01,1907,1,25,USA,TX,Waxahachie,1982,12,9,USA,TX,Farmers Branch,Jimmy,Adair,James Aubrey,154,70,R,R,1931-08-24,1931-09-07,adaij102,adairji01
adamecr01,1991,7,26,D.R.,Distrito Nacional,Santo Domingo,,,,,,,Cristhian,Adames,Cristhian Pascual,185,72,B,R,2014-07-29,2017-04-28,adamc001,adamecr01
adamsac01,1910,3,2,USA,CA,Willows,2006,2,26,USA,GA,Albany,Ace,Adams,Ace Townsend,182,70,R,R,1941-04-15,1946-04-24,adama101,adamsac01
adamsau01,1986,8,19,USA,AL,Montgomery,,,,,,,Austin,Adams,Austin David,200,71,R,R,2014-07-12,2016-09-27,adama001,adamsau01
adamsau02,1991,5,5,USA,FL,Tampa,,,,,,,Austin,Adams,Austin Lance,225,74,R,R,2017-07-15,2017-10-01,adama002,adamsau02
adamsba01,1882,5,18,USA,IN,Tipton,1968,7,27,USA,MD,Silver Spring,Babe,Adams,Charles Benjamin,185,71,L,R,1906-04-18,1926-08-11,adamb104,adamsba01
adamsbe01,1891,6,21,USA,TX,Wharton,1940,6,24,USA,CA,Los Angeles,Bert,Adams,John Bertram,185,73,B,R,1910-08-30,1919-09-28,adamb106,adamsbe01
adamsbo01,1901,7,24,USA,MA,Holyoke,1996,10,17,USA,PA,Lemoyne,Bob,Adams,Robert Burnette,168,71,R,R,1925-09-22,1925-09-23,adamb107,adamsbo01
adamsbo02,1907,1,20,USA,AL,Birmingham,1970,3,6,USA,FL,Jacksonville,Bob,Adams,Robert Andrew,165,72,R,R,1931-09-27,1932-09-17,adamb102,adamsbo02
adamsbo03,1921,12,14,USA,CA,Tuolumne,1997,2,13,USA,WA,Gig Harbor,Bobby,Adams,Robert Henry,160,70,R,R,1946-04-16,1959-04-22,adamb103,adamsbo03
adamsbo04,1952,1,6,USA,PA,Pittsburgh,,,,,,,Bob,Adams,Robert Melvin,200,74,R,R,1977-07-10,1977-09-29,adamb105,adamsbo04
adamsbu01,1915,6,24,USA,CO,Trinidad,1990,9,1,USA,CA,Rancho Mirage,Buster,Adams,Elvin Clark,180,72,R,R,1939-04-27,1947-09-21,adamb101,adamsbu01
adamsda01,1887,6,19,USA,MO,St. Louis,1964,10,6,USA,MO,St. Louis,Dan,Adams,Daniel Leslie,165,71,R,R,1914-05-22,1915-09-26,adamd103,adamsda01
adamsda02,1987,5,15,USA,FL,Margate,,,,,,,David,Adams,David Lee,205,74,R,R,2013-05-15,2013-09-29,adamd001,adamsda02
adamsdi01,1920,4,8,USA,CA,Tuolumne,2016,9,14,USA,CA,Fallbrook,Dick,Adams,Richard Leroy,185,72,R,L,1947-05-20,1947-09-28,adamd102,adamsdi01
adamsdo01,1943,1,27,USA,WI,Blue River,,,,,,,Doug,Adams,Harold Douglas,185,75,L,R,1969-09-08,1969-10-01,adamd101,adamsdo01
adamsge01,1855,1,26,USA,MA,Worcester,1920,10,11,USA,WA,Clarkston,George,Adams,George Henry,175,66,R,R,1879-06-14,1879-06-21,adamg102,adamsge01
adamsgl01,1947,10,4,USA,MA,Northbridge,,,,,,,Glenn,Adams,Glenn Charles,180,73,L,R,1975-05-04,1982-10-03,adamg101,adamsgl01
adamshe01,1928,4,14,USA,CA,Hollywood,2012,2,1,USA,OK,Tulsa,Herb,Adams,Herbert Loren,160,69,L,L,1948-09-17,1950-08-30,adamh101,adamshe01
adamsji01,1868,,,USA,IL,East St. Louis,,,,,,,Jim,Adams,James J.,148,66,,R,1890-04-21,1890-04-21,adamj101,adamsji01
adamsjo01,1877,10,28,USA,IL,Cowden,1952,10,8,USA,MO,Bachelor,Joe,Adams,Joseph Edward,190,72,R,L,1902-04-26,1902-04-26,adamj102,adamsjo01
adamsjo02,1971,7,2,USA,CA,Lakewood,,,,,,,Joel,Adamson,Joel Lee,185,76,L,L,1996-04-10,1998-04-26,adamj001,adamsjo02
adamska01,1891,8,11,USA,GA,Columbus,1967,9,17,USA,WA,Everett,Karl,Adams,Karl Tutwiler,170,74,R,R,1914-04-19,1915-09-23,adamk101,adamska01
adamsla01,1989,11,13,USA,OK,Talihina,,,,,,,Lane,Adams,Lane Weston,220,75,R,R,2014-09-01,2017-10-01,adaml001,adamsla01
adamsma01,1988,8,31,USA,PA,Philipsburg,,,,,,,Matt,Adams,Matthew James,260,75,L,R,2012-05-20,2017-09-30,adamm002,adamsma01
adamsmi01,1947,9,13,USA,CA,San Diego,,,,,,,Mike,Adamson,John Michael,185,74,R,R,1967-07-01,1969-05-07,adamm101,adamsmi01
adamsmi02,1948,7,24,USA,OH,Cincinnati,,,,,,,Mike,Adams,Robert Michael,180,69,R,R,1972-09-10,1978-07-25,adamm102,adamsmi02
adamsmi03,1978,7,29,USA,TX,Corpus Christi,,,,,,,Mike,Adams,Jon Michael,210,77,R,R,2004-05-18,2014-09-18,adamm001,adamsmi03
adamsre01,1921,10,7,USA,CA,Parlier,2017,1,18,USA,CA,Fresno,Red,Adams,Charles Dwight,185,72,R,R,1946-05-05,1946-07-02,adamr101,adamsre01
adamsri01,1878,12,24,USA,TX,Paris,1955,3,10,USA,TX,Paris,Rick,Adams,Reuben Alexander,165,72,L,L,1905-07-13,1905-09-29,adamr102,adamsri01
adamsri02,1959,1,21,USA,CA,Upland,2011,10,28,USA,CA,Rancho Cucamonga,Ricky,Adams,Ricky Lee,180,74,R,R,1982-09-15,1985-10-05,adamr001,adamsri02
adamsru01,1980,8,30,USA,NC,Laurinburg,,,,,,,Russ,Adams,Russ Moore,205,72,L,R,2004-09-03,2009-06-30,adamr002,adamsru01
adamsry01,1987,4,21,USA,LA,New Orleans,,,,,,,Ryan,Adams,Ryan Scott,185,71,R,R,2011-05-20,2011-09-19,adamr003,adamsry01
adamssp01,1894,8,26,USA,PA,Zerbe,1989,2,24,USA,PA,Pottsville,Sparky,Adams,Earl John,151,65,R,R,1922-09-18,1934-09-30,adams101,adamssp01
adamssp02,1898,6,21,USA,UT,Layton,1970,11,24,USA,UT,Salt Lake City,Spencer,Adams,Spencer Dewey,158,69,L,R,1923-04-22,1927-10-02,adams102,adamssp02
adamste01,1973,3,6,USA,AL,Mobile,,,,,,,Terry,Adams,Terry Wayne,180,75,R,R,1995-08-10,2005-05-23,adamt001,adamste01
adamswi01,1890,9,27,USA,PA,Clearfield,1937,6,18,USA,NY,Albany,Willie,Adams,James Irvin,180,76,R,R,1912-06-30,1919-09-06,adamw101,adamswi01
adamswi02,1972,10,8,USA,NM,Gallup,,,,,,,Willie,Adams,William Edward,215,79,R,R,1996-06-11,1997-08-14,adamw001,adamswi02
adcocjo01,1927,10,30,USA,LA,Coushatta,1999,5,3,USA,LA,Coushatta,Joe,Adcock,Joseph Wilbur,210,76,R,R,1950-04-23,1966-10-01,adcoj101,adcocjo01
adcocna01,1988,2,25,USA,KY,Elizabethtown,,,,,,,Nathan,Adcock,Nathan Masler,235,76,R,R,2011-03-31,2015-07-26,adcon001,adcocna01
addisbo01,1925,11,6,USA,OH,Mineral,2016,11,15,USA,OH,Mentor,Bob,Addis,Robert Gordon,175,72,L,R,1950-09-01,1953-06-12,addib101,addisbo01
adducji01,1959,8,9,USA,IL,Chicago,,,,,,,Jim,Adduci,James David,200,77,L,L,1983-09-12,1989-07-26,adduj001,adducji01
adducji02,1985,5,15,CAN,BC,Burnaby,,,,,,,Jim,Adduci,Jim Charles,210,74,L,L,2013-09-01,2017-08-11,adduj002,adducji02
addybo01,1842,2,,CAN,ON,Port Hope,1910,4,9,USA,ID,Pocatello,Bob,Addy,Robert Edward,160,68,L,L,1871-05-06,1877-10-06,addyb101,addybo01
adenhni01,1986,8,24,USA,MD,Silver Spring,2009,4,9,USA,CA,Orange,Nick,Adenhart,Nicholas James,185,75,R,R,2008-05-01,2009-04-08,adenn001,adenhni01
aderhmo01,1915,9,13,USA,NC,Mount Olive,1955,3,18,USA,FL,Sarasota,Morrie,Aderholt,Morris Woodrow,188,73,L,R,1939-09-13,1945-09-30,aderm101,aderhmo01
adkinde01,1918,5,11,USA,KS,Norcatur,1998,12,26,USA,CA,Santa Monica,Dewey,Adkins,John Dewey,195,74,R,R,1942-09-19,1949-10-02,adkid103,adkinde01
adkindi01,1920,3,3,USA,TX,Electra,1955,9,12,USA,TX,Electra,Dick,Adkins,Richard Earl,165,70,R,R,1942-09-19,1942-09-20,adkid101,adkindi01
adkindo01,1872,8,5,USA,WI,Troy,1934,2,21,USA,NC,Durham,Doc,Adkins,Merle Theron,220,70,R,R,1902-06-24,1903-09-29,adkid102,adkindo01
adkingr01,1897,6,29,USA,AR,Jacksonville,1966,3,31,USA,AR,Little Rock,Grady,Adkins,Grady Emmett,175,71,R,R,1928-04-13,1929-10-05,adkig101,adkingr01
adkinhe01,1874,1,19,USA,MO,Fulton,1953,1,2,USA,MO,Mexico,Harry,Atkinson,John Harry,,,,,1895-09-25,1895-09-25,adkih101,adkinhe01
adkinjo01,1977,8,30,USA,WV,Huntington,,,,,,,Jon,Adkins,Jonathan Scott,200,72,L,R,2003-08-14,2008-09-27,adkij001,adkinjo01
adkinst01,1964,10,26,USA,IL,Chicago,,,,,,,Steve,Adkins,Steven Thomas,210,78,R,L,1990-09-12,1990-10-03,adkis001,adkinst01
adlemti01,1987,11,13,USA,NY,Staten Island,,,,,,,Tim,Adleman,Timothy Max,225,77,R,R,2016-05-01,2017-09-19,adlet001,adlemti01
adlesda01,1943,7,15,USA,CA,Long Beach,2016,2,15,USA,CA,Long Beach,Dave,Adlesh,David George,187,72,R,R,1963-05-12,1968-09-28,adled101,adlesda01
adriaeh01,1989,8,21,Venezuela,Miranda,Guarenas,,,,,,,Ehire,Adrianza,Ehire Enrique,170,73,B,R,2013-09-08,2017-10-01,adrie001,adriaeh01
afenitr01,1963,9,21,USA,CA,Escondido,,,,,,,Troy,Afenir,Michael Troy,185,76,R,R,1987-09-14,1992-07-10,afent001,afenitr01
affelje01,1979,6,6,USA,AZ,Phoenix,,,,,,,Jeremy,Affeldt,Jeremy David,225,76,L,L,2002-04-06,2015-10-04,affej001,affelje01
agbaybe01,1971,12,28,USA,HI,Honolulu,,,,,,,Benny,Agbayani,Benny Peter,225,72,R,R,1998-06-17,2002-09-29,agbab001,agbaybe01
ageeto01,1942,8,9,USA,AL,Magnolia,2001,1,22,USA,NY,New York,Tommie,Agee,Tommie Lee,195,71,R,R,1962-09-14,1973-09-30,ageet101,ageeto01
agganha01,1929,4,20,USA,MA,Lynn,1955,6,27,USA,MA,Cambridge,Harry,Agganis,Harry,200,74,L,L,1954-04-13,1955-06-02,aggah101,agganha01
aglerjo01,1887,6,12,USA,OH,Coshocton,1971,4,26,USA,OH,Massillon,Joe,Agler,Joseph Abram,165,71,L,L,1912-10-01,1915-10-02,aglej101,aglerjo01
agnewsa01,1887,4,12,USA,MO,Farmington,1951,7,19,USA,CA,Sonoma,Sam,Agnew,Samuel Lester,185,71,R,R,1913-04-10,1919-09-28,agnes101,agnewsa01
agostju01,1958,2,23,P.R.,,Rio Piedras,,,,,,,Juan,Agosto,Juan Roberto,190,74,L,L,1981-09-07,1993-06-19,agosj001,agostju01
aguaylu01,1959,3,13,P.R.,,Vega Baja,,,,,,,Luis,Aguayo,Luis,173,69,R,R,1980-04-19,1989-09-30,agual001,aguaylu01
aguilch01,1979,2,23,USA,CA,Redwood City,,,,,,,Chris,Aguila,Christopher Louis,200,71,R,R,2004-06-28,2008-07-10,aguic001,aguilch01
aguilje01,1990,6,30,Venezuela,Aragua,Maracay,,,,,,,Jesus,Aguilar,Jesus Alexander,250,75,R,R,2014-05-15,2017-10-01,aguij001,aguilje01
aguilri01,1961,12,31,USA,CA,San Gabriel,,,,,,,Rick,Aguilera,Richard Warren,195,76,R,R,1985-06-12,2000-09-06,aguir001,aguilri01
aguirha01,1931,1,31,USA,CA,Azusa,1994,9,5,USA,MI,Bloomfield Hills,Hank,Aguirre,Henry John,205,76,R,L,1955-09-10,1970-06-24,aguih101,aguirha01
ahearch01,1858,,,USA,NY,Troy,1919,4,28,USA,NY,Troy,Bill,Ahearn,William H.,,,,,1880-06-19,1880-06-19,aheac101,ahearch01
ahearpa01,1969,12,10,USA,CA,San Francisco,,,,,,,Pat,Ahearne,Patrick Howard,195,75,R,R,1995-06-14,1995-06-30,aheap001,ahearpa01
ahmedni01,1990,3,15,USA,MA,Springfield,,,,,,,Nick,Ahmed,Nicholas Mark,195,74,R,R,2014-06-29,2017-06-27,ahmen001,ahmedni01
aikenwi01,1954,10,14,USA,SC,Seneca,,,,,,,Willie,Aikens,Willie Mays,220,75,L,R,1977-05-17,1985-04-27,aikew001,aikenwi01
aingeda01,1959,3,17,USA,OR,Eugene,,,,,,,Danny,Ainge,Daniel Ray,175,76,R,R,1979-05-21,1981-09-22,aingd101,aingeda01
ainsmed01,1890,2,4,Russia,,,1981,9,6,USA,FL,Fort Lauderdale,Eddie,Ainsmith,Edward Wilbur,180,71,R,R,1910-08-09,1924-07-21,ainse101,ainsmed01
ainswku01,1978,9,9,USA,LA,Baton Rouge,,,,,,,Kurt,Ainsworth,Kurt Harold,192,75,R,R,2001-09-05,2004-05-14,ainsk001,ainswku01
aitchra01,1887,12,5,USA,SD,Tyndall,1958,9,26,USA,KS,Columbus,Raleigh,Aitchison,Raleigh Leonidas,175,71,R,L,1911-04-19,1915-06-20,aitcr101,aitchra01
aitonge01,1890,12,29,USA,KS,Kingman,1976,8,16,USA,CA,North Hollywood,George,Aiton,George Wilson,175,71,B,R,1912-06-29,1912-07-28,aitog101,aitonge01
akejo01,1861,8,29,USA,PA,Altoona,1887,5,11,USA,WI,La Crosse,John,Ake,John Leckie,180,73,R,R,1884-05-12,1884-07-15,ake-j101,akejo01
akerfda01,1962,6,12,USA,CO,Denver,2012,6,24,USA,AZ,Phoenix,Darrel,Akerfelds,Darrel Wayne,210,74,R,R,1986-08-01,1991-07-02,akerd001,akerfda01
akerja01,1940,7,13,USA,CA,Tulare,,,,,,,Jack,Aker,Jackie Delane,190,74,R,R,1964-05-03,1974-09-27,akerj102,akerja01
akersbi01,1904,12,25,USA,TN,Chattanooga,1962,4,13,USA,TN,Chattanooga,Bill,Akers,William G.,178,71,R,R,1929-09-08,1932-07-27,akerb101,akersbi01
akersje01,1887,11,1,USA,IN,Shelbyville,1979,5,15,USA,FL,Bay Pines,Jerry,Akers,Albert Earl,175,71,R,R,1912-05-04,1912-05-25,akerj101,akersje01
albagi01,1960,1,18,D.R.,Santiago,Santiago,,,,,,,Gibson,Alba,Gibson Alberto,160,74,L,L,1988-05-03,1988-05-08,albag001,albagi01
albaljo01,1982,10,30,P.R.,,San Juan,,,,,,,Jonathan,Albaladejo,Jonathan,270,77,R,R,2007-09-05,2012-07-20,albaj001,albaljo01
albanjo01,1933,6,26,USA,NY,New York,2000,6,17,USA,NY,New York,Joe,Albanese,Joseph Peter,215,75,R,R,1958-07-18,1958-09-09,albaj101,albanjo01
alberan01,1985,10,6,CAN,SK,North Battleford,,,,,,,Andrew,Albers,Andrew William,200,73,R,L,2013-08-06,2017-09-30,albea001,alberan01
alberbu01,1950,5,4,USA,PA,Williamsport,,,,,,,Butch,Alberts,Francis Burt,205,74,R,R,1978-09-07,1978-09-28,albeb101,alberbu01
albercy01,1882,1,14,USA,MI,Grand Rapids,1917,8,27,USA,IN,Fort Wayne,Cy,Alberts,Frederick Joseph,230,72,R,R,1910-09-17,1910-10-12,albec101,albercy01
albergu01,1860,9,,USA,PA,Reading,1912,5,7,USA,CO,Idaho Springs,Gus,Alberts,Augustus Peter,180,66,R,R,1884-05-01,1891-09-22,albeg101,albergu01
alberha01,1992,10,17,D.R.,Duarte,San Francisco de Macoris,,,,,,,Hanser,Alberto,Hanser Joel,215,71,R,R,2015-05-29,2016-10-02,albeh001,alberha01
alberjo01,1969,6,29,P.R.,,San Juan,,,,,,,Jose,Alberro,Jose Edgardo,190,74,R,R,1995-04-27,1997-08-05,albej001,alberjo01
alberma01,1983,1,20,USA,TX,Houston,,,,,,,Matt,Albers,Matthew James,225,73,L,R,2006-07-25,2017-10-01,albem001,alberma01
albieoz01,1997,1,7,Curacao,,Willemstad,,,,,,,Ozzie,Albies,Ozhaino Jurdy Jiandro,160,69,B,R,2017-08-01,2017-10-01,albio001,albieoz01
albosed01,1918,10,27,USA,MI,Saginaw,2003,1,7,USA,MI,Saginaw,Ed,Albosta,Edward John,175,73,R,R,1941-09-03,1946-09-24,alboe101,albosed01
albreed01,1929,2,28,USA,MO,St. Louis,1979,12,29,USA,IL,Centreville,Ed,Albrecht,Edward Arthur,165,70,R,R,1949-10-02,1950-04-26,albre101,albreed01
albrija01,1921,6,30,USA,FL,St. Petersburg,1991,7,22,USA,CA,San Diego,Jack,Albright,Harold John,175,69,R,R,1947-05-19,1947-07-27,albrj101,albrija01
albural01,1986,6,10,D.R.,San Pedro de Macoris,San Pedro de Macoris,,,,,,,Al,Alburquerque,Alberto Jose,195,72,R,R,2011-04-15,2017-09-30,albua001,albural01
alburvi01,1947,5,12,USA,FL,Key West,2017,4,18,USA,FL,Tampa,Vic,Albury,Victor,190,72,L,L,1973-08-07,1976-09-26,albuv101,alburvi01
alcalsa01,1952,12,23,D.R.,San Pedro de Macoris,San Pedro de Macoris,,,,,,,Santo,Alcala,Santo,195,77,R,R,1976-04-10,1977-09-25,alcas101,alcalsa01
alcanar01,1991,10,29,D.R.,Distrito Nacional,Santo Domingo,,,,,,,Arismendy,Alcantara,Arismendy,170,70,B,R,2014-07-09,2017-08-09,alcaa001,alcanar01
alcanis01,1973,5,6,D.R.,Peravia,Bani,,,,,,,Israel,Alcantara,Israel,180,74,R,R,2000-06-25,2002-08-22,alcai001,alcanis01
alcanra01,1992,12,4,D.R.,Barahona,Barahona,,,,,,,Raul,Alcantara,Raul,220,76,R,R,2016-09-05,2017-09-29,alcar001,alcanra01
alcansa01,1995,9,7,D.R.,Azua,Azua,,,,,,,Sandy,Alcantara,Sandy,170,76,R,R,2017-09-03,2017-10-01,alcas001,alcansa01
alcanvi01,1993,4,3,D.R.,Distrito Nacional,Santo Domingo,,,,,,,Victor,Alcantara,Victor Alfonso,190,74,R,R,2017-09-05,2017-09-29,alcav001,alcanvi01
alcarlu01,1941,6,20,P.R.,,Humacao,,,,,,,Luis,Alcaraz,Angel Luis,165,69,R,R,1967-09-13,1970-06-07,alcal101,alcarlu01
alcocsc01,1885,11,29,USA,OH,Wooster,1973,1,30,USA,OH,Wooster,Scotty,Alcock,John Forbes,160,69,R,R,1914-04-19,1914-08-02,alcos101,alcocsc01
alderda01,1918,3,9,USA,NE,Belden,1982,2,12,USA,CA,Garden Grove,Dale,Alderson,Dale Leonard,190,70,R,R,1943-09-18,1944-07-05,alded101,alderda01
aldremi01,1961,1,29,USA,CA,Carmel,,,,,,,Mike,Aldrete,Michael Peter,180,71,L,L,1986-05-28,1996-09-29,aldrm001,aldremi01
aldresc01,1968,6,12,USA,MI,Flint,,,,,,,Scott,Aldred,Scott Phillip,195,76,L,L,1990-09-09,2000-05-29,aldrs001,aldresc01
aldrico01,1979,6,13,USA,TX,San Angelo,,,,,,,Cory,Aldridge,Cory Jerome,210,72,L,R,2001-09-05,2010-07-11,aldrc001,aldrico01
aldrija01,1961,4,14,USA,LA,Alexandria,,,,,,,Jay,Aldrich,Jay Robert,210,75,R,R,1987-06-05,1990-04-26,aldrj001,aldrija01
aldrivi01,1893,10,25,USA,IN,Crane,1973,4,17,USA,IN,Terre Haute,Vic,Aldridge,Victor,175,69,R,R,1917-04-15,1928-08-29,aldrv101,aldrivi01
alenoch01,1917,2,19,USA,MO,St. Louis,2003,2,10,USA,FL,DeLand,Chuck,Aleno,Charles,215,73,R,R,1941-05-15,1944-09-23,alenc101,alenoch01
alexabo01,1922,8,7,CAN,BC,Vancouver,1993,4,7,USA,CA,Oceanside,Bob,Alexander,Robert Somerville,205,74,R,R,1955-04-11,1957-09-22,alexb101,alexabo01
alexada01,1903,4,26,USA,TN,Greeneville,1979,3,2,USA,TN,Greeneville,Dale,Alexander,David Dale,210,75,R,R,1929-04-16,1933-09-23,alexd101,alexada01
alexado01,1950,9,4,USA,AL,Cordova,,,,,,,Doyle,Alexander,Doyle Lafayette,190,75,R,R,1971-06-26,1989-09-27,alexd001,alexado01
alexaga01,1953,3,27,USA,CA,Los Angeles,,,,,,,Gary,Alexander,Gary Wayne,195,74,R,R,1975-09-12,1981-09-28,alexg101,alexaga01
alexage01,1968,3,26,USA,LA,Baton Rouge,,,,,,,Gerald,Alexander,Gerald Paul,190,71,R,R,1990-09-09,1992-06-30,alexg001,alexage01
alexahu01,1917,7,10,USA,MO,Buffalo,2000,11,25,USA,OK,Oklahoma City,Hugh,Alexander,Hugh,190,72,R,R,1937-08-15,1937-09-22,alexh101,alexahu01
alexama01,1947,1,30,USA,LA,Shreveport,,,,,,,Matt,Alexander,Matthew,168,71,B,R,1973-08-23,1981-10-03,alexm101,alexama01
alexama02,1971,3,20,D.R.,San Pedro de Macoris,San Pedro de Macoris,,,,,,,Manny,Alexander,Manuel de Jesus,150,70,R,R,1992-09-18,2006-09-28,alexm001,alexama02
alexani01,1858,11,24,USA,IL,Pana,1933,12,22,USA,IL,Pana,Nin,Alexander,William Henry,163,64,R,R,1884-06-07,1884-09-03,alexn101,alexani01
alexape01,1887,2,26,USA,NE,Elba,1950,11,4,USA,NE,St. Paul,Pete,Alexander,Grover Cleveland,185,73,R,R,1911-04-15,1930-05-28,alexg102,alexape01
alexasc01,1989,7,10,USA,CA,Santa Rosa,,,,,,,Scott,Alexander,Scott Alain,190,74,L,L,2015-09-02,2017-09-29,alexs001,alexasc02
alexawa01,1891,3,5,USA,GA,Atlanta,1978,12,29,USA,TX,Fort Worth,Walt,Alexander,Walter Ernest,165,70,R,R,1912-06-21,1917-09-08,alexw101,alexawa01
alfarja01,1977,11,29,USA,TX,San Antonio,,,,,,,Jason,Alfaro,Jason,185,70,R,R,2004-09-09,2004-10-01,alfaj001,alfarja01
alfarjo01,1993,6,11,Colombia,Sucre,Sincelejo,,,,,,,Jorge,Alfaro,Jorge Mario,225,74,R,R,2016-09-12,2017-09-30,alfaj002,alfarjo01
alfonan01,1972,4,16,D.R.,La Romana,La Romana,,,,,,,Antonio,Alfonseca,Antonio,250,77,R,R,1997-06-17,2007-09-23,alfoa001,alfonan01
alfoned01,1973,11,8,Venezuela,Miranda,Santa Teresa del Tuy,,,,,,,Edgardo,Alfonzo,Edgardo Antonio,210,71,R,R,1995-04-26,2006-06-11,alfoe001,alfoned01
alfonel01,1979,2,7,Venezuela,Anzoategui,Puerto La Cruz,,,,,,,Eliezer,Alfonzo,Eliezer Jesus,220,71,R,R,2006-06-03,2011-09-13,alfoe002,alfonel01
alforan01,1994,7,20,USA,MS,Columbia,,,,,,,Anthony,Alford,Anthony Joseph,215,73,R,R,2017-05-19,2017-05-23,alfoa002,alforan01
alicelu01,1965,7,29,P.R.,,Santurce,,,,,,,Luis,Alicea,Luis Rene,165,69,B,R,1988-04-23,2002-09-25,alicl001,alicelu01
allanan01,1961,12,22,USA,VA,Richmond,,,,,,,Andy,Allanson,Andrew Neal,220,77,R,R,1986-04-07,1995-10-02,allaa001,allanan01
allarbr01,1958,1,3,USA,IL,Spring Valley,,,,,,,Brian,Allard,Brian Marshall,175,73,R,R,1979-08-08,1981-06-10,allab101,allarbr01
allenbe01,1939,4,16,USA,OH,East Liverpool,,,,,,,Bernie,Allen,Bernard Keith,175,72,L,R,1962-04-10,1973-09-19,alleb105,allenbe01
allenbo01,1867,7,10,USA,OH,Marion,1943,5,14,USA,AR,Little Rock,Bob,Allen,Robert Gilman,175,71,R,R,1890-04-19,1900-06-01,alleb103,allenbo01
allenbo02,1894,10,13,USA,WI,Muscoda,1975,12,18,USA,IL,Naperville,Bob,Allen,Robert,180,70,R,R,1919-08-20,1919-09-09,alleb104,allenbo02
allenbo03,1914,7,2,USA,TN,Smithville,2005,10,30,USA,VA,Chesapeake,Bob,Allen,Robert Earl,165,73,R,R,1937-09-19,1937-10-02,alleb102,allenbo03
allenbo04,1937,10,23,USA,TX,Tatum,,,,,,,Bob,Allen,Robert Gray,175,74,L,L,1961-04-14,1967-09-27,alleb101,allenbo04
allenbr01,1986,2,12,USA,TX,Conroe,,,,,,,Brandon,Allen,Brandon Durell,230,74,L,R,2009-08-22,2012-05-09,alleb001,allenbr01
allench01,1975,2,6,USA,TX,Dallas,,,,,,,Chad,Allen,John Chad,195,73,R,R,1999-04-06,2005-06-02,allec001,allench01
allenco01,1988,11,20,USA,FL,Orlando,,,,,,,Cody,Allen,Cody Edward,210,73,R,R,2012-07-20,2017-10-01,allec002,allenco01
allendi01,1942,3,8,USA,PA,Wampum,,,,,,,Dick,Allen,Richard Anthony,187,71,R,R,1963-09-03,1977-06-19,alled101,allendi01
allendu01,1972,8,9,USA,OK,Oklahoma City,,,,,,,Dusty,Allen,Dustin R.,215,76,R,R,2000-07-01,2000-10-01,alled001,allendu01
allenet01,1904,1,1,USA,OH,Cincinnati,1993,9,15,USA,CA,Crescent City,Ethan,Allen,Ethan Nathan,180,73,R,R,1926-06-13,1938-06-18,allee101,allenet01
allenfr01,1888,8,26,USA,AL,Newbern,1933,7,30,USA,AL,Gainsville,Frank,Allen,Frank Leon,175,69,R,L,1912-04-24,1917-09-19,allef101,allenfr01
allenga01,1955,2,4,USA,CA,Culver City,,,,,,,Gary,Allenson,Gary Martin,185,71,R,R,1979-04-08,1985-08-23,alleg001,allenga01
allengr01,1993,3,15,USA,CA,San Diego,,,,,,,Greg,Allen,Gregory Lomack,175,72,B,R,2017-09-01,2017-10-01,alleg002,allengr01
allenha01,1846,4,20,USA,ME,Augusta,1881,2,6,USA,MA,Natick,Ham,Allen,Frank Erwin,,64,,,1872-04-27,1872-08-09,alleh102,allenha01
allenha02,1940,7,23,USA,PA,Wampum,,,,,,,Hank,Allen,Harold Andrew,190,72,R,R,1966-09-09,1973-09-28,alleh104,allenha02
allenhe01,1863,2,25,USA,CT,Westport,1916,9,21,USA,CT,Saugatuck,Hezekiah,Allen,Hezekiah,160,71,,,1884-05-16,1884-05-16,alleh103,allenhe01
allenho01,1899,6,11,USA,FL,DeLand,1981,7,5,USA,NC,Canton,Horace,Allen,Horace Tanner,187,72,L,R,1919-06-15,1919-09-27,alleh101,allenho01
allenja01,1855,10,2,USA,IL,Woodstock,1915,4,21,USA,NJ,Trenton,Jack,Allen,Cyrus Alban,160,,R,R,1879-05-01,1879-07-17,allej103,allenja01
allenja02,1958,5,29,USA,WA,Yakima,,,,,,,Jamie,Allen,James Bradley,205,72,R,R,1983-05-01,1983-09-04,allej101,allenja02
allenje01,1972,1,11,USA,IN,Anderson,,,,,,,Jermaine,Allensworth,Jermaine LaMont,178,72,R,R,1996-07-23,1999-05-29,allej001,allenje01
allenjo01,1890,10,27,USA,WV,Berkeley Springs,1967,9,24,USA,MD,Hagerstown,John,Allen,John Marshall,170,73,R,R,1914-06-02,1914-06-02,allej104,allenjo01
allenjo02,1904,9,30,USA,NC,Lenoir,1959,3,29,USA,FL,St. Petersburg,Johnny,Allen,John Thomas,180,72,R,R,1932-04-19,1944-09-26,allej102,allenjo02
allenki01,1953,4,5,USA,CA,Fontana,,,,,,,Kim,Allen,Kim Bryant,175,71,R,R,1980-09-02,1981-09-29,allek101,allenki01
allenll01,1950,5,8,USA,CA,Merced,,,,,,,Lloyd,Allen,Lloyd Cecil,185,73,R,R,1969-09-01,1975-07-27,allel101,allenll01
allenlu01,1978,8,4,USA,GA,Covington,,,,,,,Luke,Allen,Lucas Gale,208,74,L,R,2002-09-10,2003-07-17,allel001,allenlu01
allenmy01,1854,3,22,USA,NY,Kingston,1924,3,8,USA,NY,Kingston,Myron,Allen,Myron Smith,150,68,R,R,1883-07-19,1888-07-01,allem101,allenmy01
allenne01,1958,1,24,USA,KS,Kansas City,,,,,,,Neil,Allen,Neil Patrick,185,75,R,R,1979-04-15,1989-09-19,allen001,allenne01
allenni01,1888,9,14,USA,KS,Norton,1939,10,16,USA,IL,Hines,Nick,Allen,Artemus Ward,180,72,R,R,1914-05-01,1920-10-02,allen101,allenni01
allenpe01,1868,5,1,USA,OH,Columbiana,1946,4,15,USA,PA,Philadelphia,Pete,Allen,Jesse Hall,185,68,R,R,1893-08-04,1893-08-04,allep101,allenpe01
allenro01,1943,12,23,USA,PA,Wampum,,,,,,,Ron,Allen,Ronald Frederick,205,75,B,R,1972-08-11,1972-08-21,aller101,allenro01
allenro02,1959,10,5,USA,CA,Los Angeles,,,,,,,Rod,Allen,Roderick Bernet,185,73,R,R,1983-04-07,1988-10-02,aller001,allenro02
allensl01,1886,8,23,USA,MO,West Plains,1959,10,16,USA,TX,Lubbock,Sled,Allen,Fletcher Manson,180,73,R,R,1910-05-04,1910-08-05,alles101,allensl01
alleyge01,1940,7,10,USA,VA,Richmond,,,,,,,Gene,Alley,Leonard Eugene,160,70,R,R,1963-09-04,1973-09-27,alleg101,alleyge01
alliebo01,1952,5,1,USA,MA,New Bedford,,,,,,,Bob,Allietta,Robert George,190,72,R,R,1975-05-06,1975-09-28,allib101,alliebo01
alliega01,1931,10,28,USA,NC,Statesville,2016,10,4,USA,TX,San Antonio,Gair,Allie,Gair Roosevelt,190,73,R,R,1954-04-13,1954-09-26,allig101,alliega01
allisan01,1848,,,USA,NY,New York,1897,3,21,USA,NY,Brooklyn,Andy,Allison,Andrew Kent,150,70,,,1872-05-07,1872-10-21,allia102,allisan01
allisar01,1849,1,29,USA,PA,Philadelphia,1916,2,25,USA,DC,Washington,Art,Allison,Arthur Algernon,150,68,,,1871-05-04,1876-10-05,allia101,allisar01
allisbi01,1850,7,16,USA,NY,New York,1887,1,25,USA,NY,Brooklyn,Bill,Allison,William,,,,,1872-05-21,1872-07-04,allib102,allisbi01
allisbo01,1934,7,11,USA,MO,Raytown,1995,4,9,USA,AZ,Rio Verde,Bob,Allison,William Robert,205,75,R,R,1958-09-16,1970-09-29,allib103,allisbo01
allisda01,1966,8,14,USA,VA,Front Royal,,,,,,,Dana,Allison,Dana Eric,215,75,R,L,1991-04-12,1991-05-23,allid001,allisda01
allisdo01,1846,7,12,USA,PA,Philadelphia,1916,12,19,USA,DC,Washington,Doug,Allison,Douglas L.,160,70,R,R,1871-05-05,1883-07-13,allid101,allisdo01
allisma01,1887,1,23,USA,KY,Owensboro,1964,3,13,USA,MO,Mount Vernon,Mack,Allison,Mack Pendleton,185,73,R,R,1911-09-13,1913-08-20,allim102,allisma01
allismi01,1890,10,16,USA,MI,Elk Rapids,1957,6,18,USA,WI,Kenosha,Milo,Allison,Milo Henry,163,72,L,R,1913-09-26,1917-06-29,allim101,allismi01
allrebe01,1965,6,4,USA,AZ,Mesa,,,,,,,Beau,Allred,Dale LeBeau,190,72,L,L,1989-09-07,1991-06-25,allrb001,allrebe01
almadme01,1913,2,7,Mexico,Sonora,Huatabampo,1988,8,13,Mexico,Sonora,Caborca,Mel,Almada,Baldomero Melo,170,72,L,L,1933-09-08,1939-10-01,almam101,almadme01
almanar01,1972,10,26,USA,TX,El Paso,,,,,,,Armando,Almanza,Armando,205,75,L,L,1999-07-29,2005-07-20,almaa001,almanar01
almanca01,1973,11,6,D.R.,Santiago,Santiago,,,,,,,Carlos,Almanzar,Carlos Manuel,166,74,R,R,1997-09-04,2005-04-30,almac001,almanca01
almeira01,1887,6,30,Cuba,La Habana,La Habana,1969,3,18,Cuba,La Habana,La Habana,Rafael,Almeida,Rafael D.,164,69,R,R,1911-07-04,1913-07-18,almer101,almeira01
almonab01,1989,6,27,D.R.,Distrito Nacional,Santo Domingo,,,,,,,Abraham,Almonte,Abraham,210,69,B,R,2013-08-30,2017-10-01,almoa001,almonab01
almonbi01,1952,11,21,USA,RI,Providence,,,,,,,Bill,Almon,William Francis,180,75,R,R,1974-09-02,1988-06-14,almob001,almonbi01
almoned01,1976,12,17,D.R.,Santiago,Santiago,,,,,,,Edwin,Almonte,Edwin,200,75,R,R,2003-07-07,2003-09-10,almoe002,almoned01
almoner01,1978,2,1,D.R.,Distrito Nacional,Santo Domingo,,,,,,,Erick,Almonte,Erick R.,245,74,R,R,2001-09-04,2011-04-25,almoe001,almoner01
almonhe01,1975,10,17,D.R.,Distrito Nacional,Santo Domingo,,,,,,,Hector,Almonte,Hector Radhames,190,74,R,R,1999-07-26,2003-09-28,almoh001,almonhe01
almonmi01,1993,4,4,D.R.,Santiago,Santiago,,,,,,,Miguel,Almonte,Miguel Emilio,210,74,R,R,2015-09-01,2017-07-01,almom001,almonmi01
almonzo01,1989,6,10,D.R.,Distrito Nacional,Santo Domingo,,,,,,,Zoilo,Almonte,Zoilo Manuel,205,72,B,R,2013-06-19,2014-07-30,almoz001,almonzo01
almoral01,1994,4,16,USA,FL,Hialeah,,,,,,,Albert,Almora,Reinaldo Albert,190,74,R,R,2016-06-07,2017-10-01,almoa002,almoral01
alomalu01,1923,6,19,Cuba,La Habana,La Habana,1997,4,7,USA,IL,Park Ridge,Luis,Aloma,Luis,195,74,R,R,1950-04-19,1953-08-30,aloml101,alomalu01
alomaro01,1968,2,5,P.R.,,Ponce,,,,,,,Roberto,Alomar,Roberto,184,72,B,R,1988-04-22,2004-09-05,alomr001,alomaro01
alomasa01,1943,10,19,P.R.,,Salinas,,,,,,,Sandy,Alomar,Santos,140,69,B,R,1964-09-15,1978-09-30,aloms101,alomasa01
alomasa02,1966,6,18,P.R.,,Salinas,,,,,,,Sandy,Alomar,Santos,200,77,R,R,1988-09-30,2007-09-30,aloms001,alomasa02
alonsyo01,1987,4,8,Cuba,La Habana,La Habana,,,,,,,Yonder,Alonso,Yonder,230,73,L,R,2010-09-01,2017-10-01,alony001,alonsyo01
aloufe01,1935,5,12,D.R.,San Cristobal,Bajos de Haina,,,,,,,Felipe,Alou,Felipe Rojas,195,72,R,R,1958-06-08,1974-04-24,alouf101,aloufe01
alouje01,1942,3,24,D.R.,San Cristobal,Bajos de Haina,,,,,,,Jesus,Alou,Jesus Maria Rojas,190,74,R,R,1963-09-10,1979-09-29,alouj101,alouje01
alouma01,1938,12,22,D.R.,San Cristobal,Bajos de Haina,2011,11,3,D.R.,Distrito Nacional,Santo Domingo,Matty,Alou,Mateo Rojas,160,69,L,L,1960-09-26,1974-06-21,aloum101,alouma01
aloumo01,1966,7,3,USA,GA,Atlanta,,,,,,,Moises,Alou,Moises Rojas,185,75,R,R,1990-07-26,2008-06-10,aloum001,aloumo01
alperwh01,1879,11,10,USA,PA,Etna,1942,12,25,USA,PA,Pittsburgh,Whitey,Alpermann,Charles Augustus,180,70,R,R,1906-04-13,1909-10-02,alpew101,alperwh01
alstode01,1952,9,22,USA,NY,Valhalla,,,,,,,Dell,Alston,Wendell,180,72,L,R,1977-05-17,1980-10-04,alstd101,alstode01
alstoga01,1971,12,8,USA,NY,Mount Vernon,,,,,,,Garvin,Alston,Garvin James,185,74,R,R,1996-06-06,1996-06-18,alstg001,alstoga01
alstoto01,1926,1,31,USA,NC,Greensboro,1993,12,30,USA,NC,Winston-Salem,Tom,Alston,Thomas Edison,210,77,L,R,1954-04-13,1957-09-29,alstt101,alstoto01
alstowa01,1911,12,1,USA,OH,Venice,1984,10,1,USA,OH,Oxford,Walter,Alston,Walter Emmons,195,74,R,R,1936-09-27,1936-09-27,alstw101,alstowa01
altampo01,1952,5,17,Nicaragua,Matagalpa,Ciudad Dario,,,,,,,Porfi,Altamirano,Porfirio,175,72,R,R,1982-05-09,1984-06-08,altap001,altampo01
altavda01,1992,9,8,USA,PA,McKeesport,,,,,,,Dan,Altavilla,Daniel,200,71,R,R,2016-08-27,2017-09-30,altad001,altavda01
altener01,1894,12,1,USA,OH,Avon,1981,9,9,USA,CA,Napa,Ernie,Alten,Ernest Matthias,175,72,R,L,1920-04-17,1920-06-30,altee101,altener01
altenje01,1893,1,2,USA,MI,Ashley,1973,3,12,USA,MI,Lansing,Jesse,Altenburg,Jesse Howard,158,69,L,R,1916-09-19,1917-05-17,altej101,altenje01
altheaa01,1991,1,14,Germany,Rhineland-Palatinate,Landstuhl,,,,,,,Aaron,Altherr,Aaron Samuel,215,77,R,R,2014-06-16,2017-10-01,altha001,altheaa01
altizda01,1876,11,6,USA,IL,Pearl,1964,5,14,USA,IL,Pleasant Hill,Dave,Altizer,David Tilden,160,70,L,R,1906-05-29,1911-07-10,altid101,altizda01
altmage01,1933,3,20,USA,NC,Goldsboro,,,,,,,George,Altman,George Lee,200,76,L,R,1959-04-11,1967-10-01,altmg101,altmage01
altobjo01,1932,5,26,USA,MI,Detroit,,,,,,,Joe,Altobelli,Joseph Salvatore,185,72,L,L,1955-04-14,1961-10-01,altoj101,altobjo01
altroni01,1876,9,15,USA,OH,Cincinnati,1965,1,20,USA,DC,Washington,Nick,Altrock,Nicholas,197,70,B,L,1898-07-14,1933-10-01,altrn101,altroni01
altuvjo01,1990,5,6,Venezuela,Carabobo,Puerto Cabello,,,,,,,Jose,Altuve,Jose Carlos,165,66,R,R,2011-07-20,2017-10-01,altuj001,altuvjo01
alusige01,1935,2,11,USA,PA,Ashley,,,,,,,George,Alusik,George Joseph,175,75,R,R,1958-09-11,1964-10-02,alusg101,alusige01
alvarab01,1982,10,17,USA,CA,Los Angeles,,,,,,,Abe,Alvarez,Abraham,190,74,L,L,2004-07-22,2006-05-21,alvaa001,alvarab01
alvarcl01,1968,5,18,Venezuela,Anzoategui,Guanta,,,,,,,Clemente,Alvarez,Clemente Rafael,180,71,R,R,2000-09-19,2000-10-01,alvac001,alvarcl01
alvarda01,1989,1,17,D.R.,Santiago,Santiago,,,,,,,Dario,Alvarez,Dario Rafael,170,73,L,L,2014-09-03,2017-06-28,alvad001,alvarda01
alvarda02,1988,11,7,Cuba,,Camaguey,,,,,,,Dariel,Alvarez,Dariel,180,74,R,R,2015-08-28,2016-07-25,alvad002,alvarda02
alvarga01,1974,3,6,Mexico,Sonora,Navojoa,,,,,,,Gabe,Alvarez,Gabriel de Jesus,185,73,R,R,1998-06-22,2000-09-30,alvag001,alvarga01
alvarhe01,1990,4,18,Venezuela,Carabobo,Valencia,,,,,,,Henderson,Alvarez,Henderson Javier,205,72,R,R,2011-08-10,2017-09-30,alvah001,alvarhe01
alvarjo01,1956,4,12,USA,FL,Tampa,,,,,,,Jose,Alvarez,Jose Lino,170,70,R,R,1981-10-01,1989-06-24,alvaj001,alvarjo01
alvarjo02,1989,5,6,Venezuela,Anzoategui,Barcelona,,,,,,,Jose,Alvarez,Jose Ricardo,190,71,L,L,2013-06-09,2017-10-01,alvaj003,alvarjo02
alvarjo03,1995,5,21,Venezuela,Zulia,Maracaibo,,,,,,,Jose,Alvarado,Jose Antonio,240,72,L,L,2017-05-03,2017-09-28,alvaj004,alvarjo03
alvarju01,1973,8,9,USA,FL,Coral Gables,,,,,,,Juan,Alvarez,Juan M.,180,73,L,L,1999-09-01,2003-06-03,alvaj002,alvarju01
alvarlu01,1949,1,15,P.R.,,Lajas,2001,3,20,P.R.,,Lajas,Luis,Alvarado,Luis Cesar,162,69,R,R,1968-09-13,1977-04-30,alval101,alvarlu01
alvaror01,1952,2,28,P.R.,,Rio Grande,2016,3,31,P.R.,,Rio Grande,Orlando,Alvarez,Jesus Manuel Orlando,165,72,R,R,1973-09-01,1976-06-18,alvao102,alvaror01
alvaros01,1933,10,19,Cuba,,Bolondron,2008,3,8,Mexico,Jalisco,Guadalajara,Ossie,Alvarez,Oswaldo,165,70,R,R,1958-04-19,1959-04-26,alvao101,alvaros01
alvarpe01,1987,2,6,D.R.,Distrito Nacional,Santo Domingo,,,,,,,Pedro,Alvarez,Pedro Manuel,250,75,L,R,2010-06-16,2017-09-30,alvap001,alvarpe01
alvarrj01,1991,6,8,USA,FL,West Palm Beach,,,,,,,R. J.,Alvarez,Roy Emilio,225,74,R,R,2014-09-03,2015-09-29,alvar001,alvarrj01
alvarro01,1938,4,18,Cuba,Pinar del Rio,Pinar del Rio,2012,11,30,USA,FL,Hialeah,Rogelio,Alvarez,Rogelio,183,71,R,R,1960-09-18,1962-09-28,alvar101,alvarro01
alvarta01,1971,11,25,Mexico,Sonora,Ciudad Obregon,,,,,,,Tavo,Alvarez,Cesar Octavio,245,75,R,R,1995-08-21,1996-09-29,alvat001,alvarta01
alvarto01,1979,5,10,Venezuela,Distrito Federal,Caracas,,,,,,,Tony,Alvarez,Antonio Enrique,200,73,R,R,2002-09-04,2004-10-03,alvat002,alvarto01
alvarvi01,1976,11,8,Mexico,Sinaloa,Culiacan,,,,,,,Victor,Alvarez,Victor Aurelio,150,70,L,L,2002-07-30,2003-08-26,alvav001,alvarvi01
alvarwi01,1970,3,24,Venezuela,Zulia,Maracaibo,,,,,,,Wilson,Alvarez,Wilson Eduardo,175,73,L,L,1989-07-24,2005-09-28,alvaw001,alvarwi01
alvisma01,1938,2,2,USA,TX,Jasper,,,,,,,Max,Alvis,Roy Maxwell,185,71,R,R,1962-09-11,1970-09-27,alvim101,alvisma01
alvorbi01,1863,8,10,USA,MO,St. Louis,1927,4,7,USA,FL,St. Petersburg,Billy,Alvord,William Crawford,187,70,R,R,1885-04-30,1893-07-08,alvob101,alvorbi01
alyeabr01,1940,12,8,USA,NJ,Passaic,,,,,,,Brant,Alyea,Garrabrant Ryerson,215,75,R,R,1965-09-11,1972-10-03,alyeb101,alyeabr01
amalfjo01,1934,1,23,USA,CA,San Pedro,,,,,,,Joey,Amalfitano,John Joseph,175,71,R,R,1954-05-02,1967-06-27,amalj101,amalfjo01
amarari01,1962,4,1,USA,CA,Visalia,,,,,,,Rich,Amaral,Richard Louis,175,72,R,R,1991-05-27,2000-06-14,amarr001,amarari01
amarial01,1989,4,6,Venezuela,Anzoategui,Barcelona,,,,,,,Alexi,Amarista,Alexi Jose,160,66,L,R,2011-04-26,2017-10-01,amara001,amarial01
amaroru01,1936,1,6,Mexico,Tamaulipas,Nuevo Laredo,2017,3,31,USA,FL,Weston,Ruben,Amaro,Ruben,170,71,R,R,1958-06-29,1969-09-28,amarr101,amaroru01
amaroru02,1965,2,12,USA,PA,Philadelphia,,,,,,,Ruben,Amaro,Ruben,170,70,B,R,1991-06-08,1998-09-27,amarr002,amaroru02
amblewa01,1915,11,8,USA,PA,Abington,1998,1,3,USA,FL,Ponte Vedra Beach,Wayne,Ambler,Wayne Harper,165,68,R,R,1937-06-04,1939-09-04,amblw101,amblewa01
ambrech01,1979,12,19,USA,TX,Beaumont,,,,,,,Chip,Ambres,Raymond Payne,190,73,R,R,2005-07-20,2008-09-28,ambrc001,ambrech01
ambrihe01,1984,5,24,USA,CA,Orange,,,,,,,Hector,Ambriz,Hector,235,74,L,R,2010-04-30,2014-05-07,ambrh001,ambrihe01
amelued01,1959,4,13,USA,CA,Fullerton,,,,,,,Ed,Amelung,Edward Allen,180,71,L,L,1984-07-28,1986-07-07,amele001,amelued01
amesre01,1882,8,2,USA,OH,Warren,1936,10,8,USA,OH,Warren,Red,Ames,Leon Kessling,185,70,B,R,1903-09-14,1919-09-25,amesr101,amesre01
amesst01,1988,3,15,USA,WA,Vancouver,,,,,,,Steve,Ames,Steven C.,205,73,R,R,2013-07-30,2013-08-11,amess001,amesst01
amezaal01,1978,1,16,Mexico,Sonora,Ciudad Obregon,,,,,,,Alfredo,Amezaga,Alfredo,165,71,B,R,2002-05-24,2011-09-04,ameza001,amezaal01
amoledo01,1874,1,1,USA,PA,Coatesville,1912,3,9,USA,DE,Wilmington,Doc,Amole,Morris F.,165,69,R,L,1897-08-19,1898-05-17,amold101,amoledo01
amorosa01,1930,1,30,Cuba,Matanzas,Matanzas,1992,6,27,USA,FL,Miami,Sandy,Amoros,Edmundo,170,67,L,L,1952-08-22,1960-10-02,amors101,amorosa01
amorvi01,1932,8,8,Cuba,La Habana,La Habana,,,,,,,Vicente,Amor,Vicente,182,75,R,R,1955-04-16,1957-08-26,amorv101,amorvi01
anckewa01,1893,4,10,USA,NY,New York,1954,2,13,USA,NJ,Englewood,Walter,Ancker,Walter,190,73,R,R,1915-09-03,1915-09-14,anckw101,anckewa01
anderal01,1914,1,28,USA,GA,Gainesville,1985,6,23,USA,GA,Albany,Alf,Anderson,Alfred Walton,165,71,R,R,1941-04-20,1946-04-21,andea102,anderal01
anderal02,1964,1,7,USA,OH,Lancaster,,,,,,,Allan,Anderson,Allan Lee,178,71,L,L,1986-06-11,1991-10-06,andea001,anderal02
anderan01,1922,11,13,USA,WA,Bremerton,1982,7,18,USA,WA,Seattle,Andy,Anderson,Andy Holm,172,71,R,R,1948-05-10,1949-10-02,andea101,anderan01
anderbi01,1895,11,28,USA,MA,Boston,1983,3,13,USA,MA,Medford,Bill,Anderson,William Edward,165,73,R,L,1925-09-10,1925-09-17,andeb103,anderbi01
anderbo01,1935,9,29,USA,IN,East Chicago,2015,3,12,USA,OK,Tulsa,Bob,Anderson,Robert Carl,210,76,R,R,1957-07-31,1963-09-25,andeb102,anderbo01
anderbr01,1964,1,18,USA,MD,Silver Spring,,,,,,,Brady,Anderson,Brady Kevin,170,73,L,L,1988-04-04,2002-05-20,andeb001,anderbr01
anderbr02,1972,4,26,USA,VA,Portsmouth,,,,,,,Brian,Anderson,Brian James,190,73,B,L,1993-09-10,2005-05-08,andeb002,anderbr02
anderbr03,1982,3,11,USA,AZ,Tucson,,,,,,,Brian,Anderson,Brian Nikola,220,74,R,R,2005-08-16,2009-10-04,andeb003,anderbr03
anderbr04,1988,2,1,USA,TX,Midland,,,,,,,Brett,Anderson,Brett Franklin,230,75,L,L,2009-04-10,2017-10-01,andeb004,anderbr04
anderbr05,1986,12,16,USA,CA,Thousand Oaks,,,,,,,Bryan,Anderson,Bryan Douglas,200,73,L,R,2010-04-15,2015-10-04,andeb005,anderbr05
anderbr06,1993,5,19,USA,OK,Edmond,,,,,,,Brian,Anderson,Brian Wade,185,75,R,R,2017-09-01,2017-10-01,andeb006,anderbr06
anderbu01,1956,5,27,USA,NY,Westbury,,,,,,,Bud,Anderson,Karl Adam,210,75,R,R,1982-06-11,1983-10-02,andeb101,anderbu01
anderch01,1987,11,30,USA,TX,Wichita Falls,,,,,,,Chase,Anderson,Robert Chase,200,73,R,R,2014-05-11,2017-09-29,andec001,anderch01
anderco01,1990,9,14,USA,CA,Quincy,,,,,,,Cody,Anderson,Cody Andrew,240,76,R,R,2015-06-21,2016-09-28,andec002,anderco01
andercr01,1938,7,1,USA,DC,Washington,,,,,,,Craig,Anderson,Norman Craig,205,74,R,R,1961-06-23,1964-05-31,andec101,andercr01
anderda01,1868,10,10,USA,PA,Chester,1897,3,22,USA,PA,Chester,Dave,Anderson,David S.,,,,L,1889-08-24,1890-09-29,anded102,anderda01
anderda02,1960,8,1,USA,KY,Louisville,,,,,,,Dave,Anderson,David Carter,185,74,R,R,1983-05-08,1992-10-03,anded001,anderda02
anderdr01,1981,6,9,USA,NE,Kearney,,,,,,,Drew,Anderson,Drew Thomas,195,74,L,R,2006-09-11,2006-10-01,anded002,anderdr01
anderdr02,1994,3,22,USA,NV,Reno,,,,,,,Drew,Anderson,Andrew James,185,75,R,R,2017-08-01,2017-08-26,anded003,anderdr02
anderdw01,1947,11,23,USA,CA,Oakland,,,,,,,Dwain,Anderson,Dwain Cleaven,165,71,R,R,1971-09-03,1974-05-28,anded101,anderdw01
anderfe01,1918,1,9,USA,KS,Maple City,1978,3,12,USA,MO,Joplin,Ferrell,Anderson,Ferrell Jack,200,73,R,R,1946-04-16,1953-09-01,andef102,anderfe01
anderfr01,1885,12,11,USA,NC,Calahan,1957,11,8,USA,NC,Winston-Salem,Fred,Anderson,John Frederick,180,74,R,R,1909-09-25,1918-07-09,andef101,anderfr01
anderga01,1972,6,30,USA,CA,Los Angeles,,,,,,,Garret,Anderson,Garret Joseph,190,75,L,L,1994-07-27,2010-08-06,andeg001,anderga01
anderge01,1889,9,26,USA,OH,Cleveland,1962,5,28,USA,OH,Cleveland,George,Anderson,George Jendrus,160,68,L,R,1914-05-26,1918-09-02,andeg102,anderge01
andergo01,1880,1,13,USA,OH,Cleveland,1923,3,15,USA,IN,South Bend,Goat,Anderson,Edward John,,,L,R,1907-04-11,1907-10-06,andeg101,andergo01
anderha01,1904,2,10,USA,MO,St. Louis,1974,5,1,USA,MO,St. Louis,Hal,Anderson,Harold,160,71,R,R,1932-04-12,1932-04-24,andeh102,anderha01
anderha02,1931,9,10,USA,MD,North East,1998,6,11,USA,DE,Greenville,Harry,Anderson,Harry Walter,205,75,L,R,1957-04-18,1961-05-05,andeh101,anderha02
anderja01,1979,6,9,USA,IL,Danville,,,,,,,Jason,Anderson,Jason Roger,188,72,L,R,2003-03-31,2005-07-15,andej003,anderja01
anderji01,1957,2,23,USA,CA,Los Angeles,,,,,,,Jim,Anderson,James Lea,170,72,R,R,1978-07-02,1984-09-26,andej001,anderji01
anderji02,1976,1,22,USA,VA,Portsmouth,,,,,,,Jimmy,Anderson,James Drew,195,73,L,L,1999-07-04,2004-07-21,andej002,anderji02
anderjo01,1873,12,14,Norway,,Sarpsborg,1949,7,23,USA,MA,Worcester,John,Anderson,John Joseph,180,74,B,R,1894-09-08,1908-10-02,andej101,anderjo01
anderjo02,1929,11,23,USA,MN,St. Paul,1998,12,20,USA,TX,Houston,John,Anderson,John Charles,190,73,R,R,1958-08-17,1962-06-23,andej102,anderjo02
anderjo03,1982,8,10,USA,KY,Somerset,,,,,,,Josh,Anderson,Joshua Aaron,195,74,L,R,2007-09-02,2009-10-02,andej004,anderjo03
anderke01,1963,8,12,USA,SC,Florence,,,,,,,Kent,Anderson,Kent McKay,180,73,R,R,1989-04-15,1990-09-06,andek001,anderke01
anderla01,1952,12,3,USA,CA,Maywood,,,,,,,Larry,Anderson,Lawrence Dennis,190,75,R,R,1974-09-25,1977-06-26,andel101,anderla01
anderla02,1953,5,6,USA,OR,Portland,,,,,,,Larry,Andersen,Larry Eugene,200,75,R,R,1975-09-05,1994-07-31,andel001,anderla02
anderla03,1987,9,25,USA,CA,Oakland,,,,,,,Lars,Anderson,Lars Eric,215,76,L,L,2010-09-06,2012-05-01,andel002,anderla03
anderma01,1976,8,17,USA,KY,Louisville,,,,,,,Matt,Anderson,Matthew Jason,200,76,R,R,1998-06-25,2005-07-01,andem002,anderma01
anderma02,1974,1,6,USA,AL,Montgomery,,,,,,,Marlon,Anderson,Marlon Ordell,190,70,L,R,1998-09-08,2009-04-10,andem003,anderma02
andermi01,1951,6,22,USA,SC,Florence,,,,,,,Mike,Anderson,Michael Allen,200,74,R,R,1971-09-02,1979-09-30,andem101,andermi01
andermi02,1966,7,30,USA,TX,Austin,,,,,,,Mike,Anderson,Michael James,200,75,R,R,1993-09-07,1993-09-17,andem001,andermi02
anderre01,1912,6,19,USA,IA,Lawton,1972,8,7,USA,IA,Sioux City,Red,Anderson,Arnold Revola,210,75,R,R,1937-09-19,1941-09-24,ander102,anderre01
anderri01,1953,12,25,USA,CA,Inglewood,1989,6,23,USA,CA,Wilmington,Rick,Anderson,Richard Lee,210,74,R,R,1979-09-18,1980-10-05,ander101,anderri01
anderri02,1956,11,29,USA,WA,Everett,,,,,,,Rick,Anderson,Richard Arlen,175,72,R,R,1986-06-09,1988-07-28,ander001,anderri02
andersc01,1962,8,1,USA,OR,Corvallis,,,,,,,Scott,Anderson,Scott Richard,190,78,R,R,1987-04-08,1995-08-26,andes001,andersc01
andersp01,1934,2,22,USA,SD,Bridgewater,2010,11,4,USA,CA,Thousand Oaks,Sparky,Anderson,George Lee,170,69,R,R,1959-04-10,1959-09-27,andes101,andersp01
anderti01,1993,6,23,USA,AL,Tuscaloosa,,,,,,,Tim,Anderson,Timothy Devon,185,73,R,R,2016-06-10,2017-10-01,andet001,anderti01
anderty01,1989,12,30,USA,NV,Las Vegas,,,,,,,Tyler,Anderson,Tyler John,210,76,L,L,2016-06-12,2017-09-26,andet002,anderty01
anderva01,1866,6,18,USA,IL,Geneva,1941,11,5,USA,IL,Rockford,Varney,Anderson,Warner Samuel,165,70,R,R,1889-08-01,1896-05-06,andev101,anderva01
anderwa01,1897,9,25,USA,MI,Grand Rapids,1990,1,6,USA,MI,Battle Creek,Walter,Anderson,Walter Carl,160,74,L,L,1917-05-14,1919-05-02,andew102,anderwa01
anderwi01,1886,8,13,USA,TX,Lillian,1950,12,19,USA,TX,Fort Worth,Wingo,Anderson,Wingo Charlie,150,70,L,L,1910-04-16,1910-06-01,andew101,anderwi01
andinro01,1984,4,25,USA,FL,Miami,,,,,,,Robert,Andino,Robert Lazaro,185,71,R,R,2005-09-04,2016-09-10,andir001,andinro01
andrast01,1978,2,6,USA,CA,Woodland,,,,,,,Steve,Andrade,Stephen Michael,220,73,R,R,2006-05-01,2006-05-10,andrs002,andrast01
andrecl01,1978,5,15,USA,FL,Dunedin,,,,,,,Clayton,Andrews,Clayton John,175,72,R,L,2000-04-16,2000-06-13,andrc001,andrecl01
andreed01,1859,4,5,USA,OH,Painesville,1934,8,12,USA,FL,West Palm Beach,Ed,Andrews,George Edward,160,68,R,R,1884-05-01,1891-07-26,andre101,andreed01
andreel01,1901,12,11,USA,SC,Greenwood,1979,11,25,USA,SC,Greenwood,Elbert,Andrews,Elbert DeVore,175,72,L,R,1925-05-01,1925-06-12,andre102,andreel01
andreer01,1918,1,11,USA,IN,Jeffersonville,2008,9,19,USA,FL,Bradenton,Ernie,Andres,Ernest Henry,200,73,R,R,1946-04-16,1946-05-16,andre103,andreer01
andrefr01,1952,5,4,USA,LA,Lafayette,,,,,,,Fred,Andrews,Fred,163,68,R,R,1976-09-26,1977-10-02,andrf101,andrefr01
andrehu01,1922,8,31,USA,OK,Burbank,2012,3,11,USA,KS,Dodge City,Hub,Andrews,Hubert,170,72,R,R,1947-04-20,1948-04-30,andrh101,andrehu01
andreiv01,1907,5,6,USA,AL,Dora,1970,11,24,USA,AL,Birmingham,Ivy,Andrews,Ivy Paul,200,73,R,R,1931-08-15,1938-09-28,andri101,andreiv01
andreji01,1865,6,5,USA,MA,Shelburne Falls,1907,12,27,USA,IL,Chicago,Jim,Andrews,James Pratt,,,,,1890-04-19,1890-07-04,andrj103,andreji01
andrejo01,1923,1,3,USA,MA,Brockton,1976,11,25,USA,MA,Barnstable,John,Andre,John Edward,200,76,L,R,1955-04-16,1955-07-16,andrj102,andrejo01
andrejo02,1949,2,9,USA,CA,Monterey Park,,,,,,,John,Andrews,John Richard,175,70,L,L,1973-04-08,1973-09-19,andrj101,andrejo02
andreki01,1953,11,14,USA,CA,Glendale,,,,,,,Kim,Andrew,Kim Darrell,160,70,R,R,1975-04-16,1975-04-21,andrk101,andreki01
andremi01,1943,7,9,USA,CA,Los Angeles,,,,,,,Mike,Andrews,Michael Jay,195,75,R,R,1966-09-18,1973-09-29,andrm101,andremi01
andrena01,1913,9,30,USA,NC,Pembroke,1991,4,26,USA,NC,Winston-Salem,Nate,Andrews,Nathan Hardy,195,72,R,R,1937-05-01,1946-06-23,andrn101,andrena01
andrero01,1952,12,11,USA,CA,Santa Monica,,,,,,,Rob,Andrews,Robert Patrick,185,72,R,R,1975-04-07,1979-09-26,andrr101,andrero01
andresh01,1971,8,28,USA,TX,Dallas,,,,,,,Shane,Andrews,Darrell Shane,215,73,R,R,1995-04-26,2002-09-29,andrs001,andresh01
andrest01,1917,4,17,USA,MA,Lynn,1995,6,10,USA,FL,Bradenton,Stan,Andrews,Stanley Joseph,178,71,R,R,1939-06-11,1945-09-30,andrs101,andrest01
andrewa01,1859,9,18,USA,PA,Philadelphia,1940,1,20,USA,IN,Indianapolis,Wally,Andrews,William Walter,170,75,R,R,1884-05-22,1888-08-08,andrw102,andrewa01
andrima01,1989,8,28,USA,CA,Redlands,,,,,,,Matt,Andriese,Matthew Lee,225,74,R,R,2015-04-10,2017-09-27,andrm001,andrima01
andrubi01,1907,7,25,USA,TX,Beaumont,1982,3,12,USA,DC,Washington,Bill,Andrus,William Morgan,185,72,R,R,1931-09-19,1937-05-11,andrb101,andrubi01
andruel01,1988,8,26,Venezuela,Aragua,Maracay,,,,,,,Elvis,Andrus,Elvis Augusto,200,72,R,R,2009-04-06,2017-10-01,andre001,andruel01
andrufr01,1850,8,23,USA,MI,Washington,1937,11,10,USA,MI,Detroit,Fred,Andrus,Frederick Hotham,185,74,R,R,1876-07-25,1884-07-04,andrf102,andrufr01
andruwi01,1858,10,14,CAN,ON,Orono,1935,6,17,USA,MT,Miles City,Wyman,Andrus,William Wiman,155,66,,,1885-09-15,1885-09-15,andrw101,andruwi01
andujjo01,1952,12,21,D.R.,San Pedro de Macoris,San Pedro de Macoris,2015,9,8,D.R.,San Pedro de Macoris,San Pedro de Macoris,Joaquin,Andujar,Joaquin,170,72,B,R,1976-04-08,1988-09-30,anduj001,andujjo01
andujlu01,1972,11,22,D.R.,Peravia,Bani,,,,,,,Luis,Andujar,Luis,175,74,R,R,1995-09-08,1998-06-28,andul001,andujlu01
andujmi01,1995,3,2,D.R.,San Cristobal,San Cristobal,,,,,,,Miguel,Andujar,Miguel Enrique,215,72,R,R,2017-06-28,2017-10-01,andum001,andujmi01
angelno01,1947,9,24,USA,CA,San Francisco,,,,,,,Norm,Angelini,Norman Stanley,175,71,L,L,1972-07-22,1973-06-19,angen101,angelno01
anglema01,1985,9,10,USA,OH,Columbus,,,,,,,Matt,Angle,Matthew Ryan,185,69,L,R,2011-07-17,2011-09-28,anglm001,anglema01
angleto01,1904,10,2,USA,MD,Baltimore,1952,10,26,USA,KS,Wichita,Tom,Angley,Thomas Samuel,190,68,L,R,1929-04-23,1929-04-30,anglt101,angleto01
ankenpa01,1912,12,23,USA,TX,Houston,1989,1,13,USA,TX,Houston,Pat,Ankenman,Frederick Norman,125,64,R,R,1936-04-16,1944-06-02,ankep101,ankenpa01
ankieri01,1979,7,19,USA,FL,Fort Pierce,,,,,,,Rick,Ankiel,Richard Alexander,210,73,L,L,1999-08-23,2013-06-08,ankir001,ankieri01
annade01,1986,11,24,USA,IL,Glenwood,,,,,,,Dean,Anna,Dean William,180,71,L,R,2014-04-04,2015-04-23,annad001,annade01
annisbi01,1857,5,24,USA,MA,Stoneham,1923,6,10,USA,ME,Kennebunkport,Bill,Annis,William Perley,150,67,R,,1884-05-01,1884-08-08,annib101,annisbi01
ansonca01,1852,4,17,USA,IA,Marshalltown,1922,4,14,USA,IL,Chicago,Cap,Anson,Adrian Constantine,227,72,R,R,1871-05-06,1897-10-03,ansoc101,ansonca01
anthoer01,1967,11,8,USA,CA,San Diego,,,,,,,Eric,Anthony,Eric Todd,195,74,L,L,1989-07-28,1997-09-27,anthe001,anthoer01
antoldu01,1989,8,9,USA,HI,Mililani,,,,,,,Dustin,Antolin,Dustin Kamakana Mai Ku'u Makualani,230,74,R,R,2016-05-16,2016-05-16,antod001,antoldu01
antoljo01,1916,4,11,USA,PA,Hokendauqua,2002,6,25,USA,PA,Catasauqua,Joe,Antolick,Joseph,185,72,R,R,1944-09-20,1944-09-26,antoj102,antoljo01
antonbi01,1927,5,19,USA,NY,Brooklyn,1993,3,4,USA,MN,Fridley,Bill,Antonello,William James,185,71,R,R,1953-04-30,1953-09-27,antob101,antonbi01
antonjo01,1915,7,15,USA,TN,Memphis,1990,4,18,USA,TN,Memphis,John,Antonelli,John Lawrence,165,70,R,R,1944-09-16,1945-09-17,antoj101,antonjo01
antonjo02,1930,4,12,USA,NY,Rochester,,,,,,,Johnny,Antonelli,John August,185,73,L,L,1948-07-04,1961-09-04,antoj103,antonjo02
antonma01,1985,4,8,USA,MA,Peabody,,,,,,,Matt,Antonelli,Matthew Antonio,195,73,R,R,2008-09-01,2008-09-28,antom001,antonma01
aokino01,1982,1,5,Japan,Miyazaki,Hyuga,,,,,,,Nori,Aoki,Norichika,180,69,L,R,2012-04-06,2017-10-01,aokin001,aokino01
aparilu01,1934,4,29,Venezuela,Zulia,Maracaibo,,,,,,,Luis,Aparicio,Luis Ernesto,160,69,R,R,1956-04-17,1973-09-28,aparl101,aparilu01
apodabo01,1950,1,31,USA,CA,Los Angeles,,,,,,,Bob,Apodaca,Robert John,170,71,R,R,1973-09-18,1977-09-18,apodb101,apodabo01
apontlu01,1953,6,14,Venezuela,Anzoategui,El Tigre,,,,,,,Luis,Aponte,Luis Eduardo,185,72,R,R,1980-09-04,1984-07-06,aponl001,apontlu01
appieke01,1967,12,6,USA,CA,Lancaster,,,,,,,Kevin,Appier,Robert Kevin,180,74,R,R,1989-06-04,2004-04-23,appik001,appieke01
appleed01,1892,2,29,USA,TX,Arlington,1932,1,27,USA,TX,Arlington,Ed,Appleton,Edward Samuel,173,72,R,R,1915-04-16,1916-10-05,apple101,appleed01
applefr01,1879,5,9,USA,PA,Williamsport,1968,4,21,USA,PA,Williamsport,Fred,Applegate,Frederick Romaine,180,74,R,R,1904-09-30,1904-10-10,applf101,applefr01
applepe01,1904,5,20,USA,CT,Terryville,1974,1,18,USA,NJ,Trenton,Pete,Appleton,Peter William,180,71,R,R,1927-09-14,1945-09-20,applp101,applepe01
applilu01,1907,4,2,USA,NC,High Point,1991,1,3,USA,GA,Cumming,Luke,Appling,Lucius Benjamin,183,70,R,R,1930-09-10,1950-10-01,appll101,applilu01
aquingr01,1978,1,11,D.R.,San Cristobal,Puerto Palenque,,,,,,,Greg,Aquino,Gregori Emilio,190,73,R,R,2004-07-02,2009-06-17,aquig001,aquingr01
aquinja01,1992,11,22,D.R.,San Pedro de Macoris,San Pedro de Macoris,,,,,,,Jayson,Aquino,Jayson Julio,225,73,L,L,2016-07-04,2017-07-05,aquij001,aquinja01
aquinlu01,1964,5,19,P.R.,,Santurce,,,,,,,Luis,Aquino,Luis Antonio,155,72,R,R,1986-08-08,1995-09-12,aquil001,aquinlu01
aragoan01,1890,8,2,Cuba,La Habana,La Habana,1952,1,24,USA,NY,New York,Angel,Aragon,Angel,150,65,R,R,1914-08-20,1917-07-21,araga101,aragoan01
aragoja01,1915,11,20,Cuba,La Habana,La Habana,1988,4,4,USA,FL,Clearwater,Jack,Aragon,Angel Valdes,176,70,R,R,1941-08-13,1941-08-13,aragj101,aragoja01
aranovi01,1995,2,7,Mexico,Veracruz,Cosamaloapan,,,,,,,Victor,Arano,Victor Teodoro,200,74,R,R,2017-09-12,2017-10-01,aranv001,aranovi01
araujel01,1991,7,15,Venezuela,Zulia,Maracaibo,,,,,,,Elvis,Araujo,Elvis Alejandro,275,79,L,L,2015-05-05,2016-08-16,araue001,araujel01
archdma01,1898,12,14,USA,MO,St. Louis,1954,9,5,USA,MO,St. Louis,Maurice,Archdeacon,Maurice John,153,68,L,L,1923-09-17,1925-05-29,archm101,archdma01
archech01,1988,9,26,USA,NC,Raleigh,,,,,,,Chris,Archer,Christopher Alan,195,74,R,R,2012-06-20,2017-09-30,archc001,archech01
archefr01,1910,3,7,USA,TN,Johnson City,1981,10,31,USA,NC,Charlotte,Fred,Archer,Frederick Marvin,193,72,L,L,1936-09-05,1937-09-09,archf101,archefr01
archeji01,1883,5,13,Ireland,Dublin,Dublin,1958,3,29,USA,WI,Milwaukee,Jimmy,Archer,James Patrick,168,70,R,R,1904-09-06,1918-09-02,archj102,archeji01
archeji02,1932,5,25,USA,VA,Max Meadows,,,,,,,Jim,Archer,James William,190,72,R,L,1961-04-30,1962-09-19,archj101,archeji02
archige01,1914,4,27,USA,TN,Nashville,2001,9,20,USA,TN,Nashville,George,Archie,George Albert,170,72,R,R,1938-09-14,1946-04-21,archg101,archige01
arciajo01,1943,8,22,Cuba,La Habana,La Habana,2016,7,30,USA,FL,Miami,Jose,Arcia,Jose Raimundo,170,75,R,R,1968-04-10,1970-09-30,arcij101,arciajo01
arciaor01,1994,8,4,Venezuela,Anzoategui,Anaco,,,,,,,Orlando,Arcia,Orlando Jesus,165,72,R,R,2016-08-02,2017-09-30,arcio002,arciaor01
arciaos01,1991,5,9,Venezuela,Anzoategui,Anaco,,,,,,,Oswaldo,Arcia,Oswaldo Celestino,225,72,L,R,2013-04-15,2016-09-18,arcio001,arciaos01
ardelda01,1941,5,27,USA,WA,Seattle,,,,,,,Dan,Ardell,Daniel Miers,190,74,L,L,1961-09-14,1961-09-27,arded101,ardelda01
ardizru01,1919,11,20,Italy,Novara,Oleggio,2015,7,19,USA,CA,San Francisco,Rugger,Ardizoia,Rinaldo Joseph,180,71,R,R,1947-04-30,1947-04-30,ardir101,ardizru01
ardnejo01,1858,2,27,USA,OH,Mount Vernon,1935,9,15,USA,OH,Cleveland,Joe,Ardner,Joseph A.,160,67,R,R,1884-05-01,1890-08-18,ardnj101,ardnejo01
ardoida01,1974,7,8,USA,LA,Mamou,,,,,,,Danny,Ardoin,Daniel Wayne,205,72,R,R,2000-08-02,2008-09-26,ardod001,ardoida01
arellfr01,1882,1,28,USA,CA,Santa Cruz,1918,12,13,USA,CA,San Jose,Frank,Arellanes,Frank Julian,180,72,R,R,1908-07-28,1910-08-14,arelf101,arellfr01
arenano01,1991,4,16,USA,CA,Newport Beach,,,,,,,Nolan,Arenado,Nolan James,205,74,R,R,2013-04-28,2017-10-01,arenn001,arenano01
arencjp01,1986,1,5,USA,FL,Miami,,,,,,,J. P.,Arencibia,Jonathan Paul,210,73,R,R,2010-08-07,2015-10-01,arenj001,arencjp01
arftha01,1922,1,28,USA,MO,Manchester,2002,12,14,USA,MO,St. Louis,Hank,Arft,Henry Irven,190,70,L,L,1948-07-27,1952-05-23,arfth101,arftha01
ariasal01,1967,11,20,USA,NY,New York,,,,,,,Alex,Arias,Alejandro,185,75,R,R,1992-05-12,2002-09-22,ariaa001,ariasal01
ariasal02,1983,10,14,D.R.,Distrito Nacional,Santo Domingo,,,,,,,Alberto,Arias,Alberto A.,155,71,R,R,2007-05-01,2009-08-23,ariaa002,ariasal02
ariasge01,1972,3,12,USA,AZ,Tucson,,,,,,,George,Arias,George Alberto,190,71,R,R,1996-04-02,1999-07-28,ariag001,ariasge01
ariasjo01,1984,9,21,D.R.,Distrito Nacional,Santo Domingo,,,,,,,Joaquin,Arias,Joaquin,185,73,R,R,2006-09-13,2015-07-24,ariaj001,ariasjo01
ariasru01,1931,6,6,Cuba,,Las Villas,,,,,,,Rudy,Arias,Rodolfo,165,70,L,L,1959-04-10,1959-08-26,ariar101,ariasru01
arletbu01,1899,1,3,USA,CA,Elmhurst,1964,5,16,USA,MN,Minneapolis,Buzz,Arlett,Russell Loris,225,75,B,R,1931-04-14,1931-09-27,arleb101,arletbu01
arlicdo01,1943,2,15,USA,MI,Wayne,,,,,,,Don,Arlich,Donald Louis,185,74,L,L,1965-10-02,1966-08-04,arlid101,arlicdo01
arlinst01,1945,9,25,USA,WA,Seattle,2016,8,17,USA,CA,San Diego,Steve,Arlin,Stephen Ralph,195,75,R,R,1969-06-17,1974-09-14,arlis101,arlinst01
armasma01,1969,8,5,Venezuela,Anzoategui,Puerto Piritu,,,,,,,Marcos,Armas,Marcos Rafael,190,77,R,R,1993-05-25,1993-09-29,armam001,armasma01
armasto01,1953,7,2,Venezuela,Anzoategui,Puerto Piritu,,,,,,,Tony,Armas,Antonio Rafael,182,71,R,R,1976-09-06,1989-10-01,armat001,armasto01
armasto02,1978,4,29,Venezuela,Anzoategui,Puerto Piritu,,,,,,,Tony,Armas,Antonio Jose,205,76,R,R,1999-08-16,2008-07-07,armat002,armasto02
armbrch01,1880,8,30,USA,OH,Cincinnati,1964,10,7,USA,OR,Grants Pass,Charlie,Armbruster,Charles Anthony,180,69,R,R,1905-07-17,1907-09-11,armbc101,armbrch01
armbred01,1948,7,4,Bahamas,New Providence,Nassau,,,,,,,Ed,Armbrister,Edison Rosanda,160,71,R,R,1973-08-31,1977-10-02,armbe101,armbred01
armbrha01,1882,3,20,USA,OH,Liverpool,1953,12,10,USA,OH,Cincinnati,Harry,Armbruster,Harry Gregory,190,70,L,L,1906-04-30,1906-10-03,armbh101,armbrha01
armbror01,1908,3,2,USA,AR,Beirne,1967,10,2,USA,AL,Mobile,Orville,Armbrust,Orville Martin,195,70,R,R,1934-09-18,1934-09-30,armbo101,armbror01
armoubi99,1869,9,3,USA,PA,Homestead,1922,12,2,USA,MN,Minneapolis,Bill,Armour,William Reginald,,,,,,,armob801,armoubi99
armstbo01,1850,7,4,USA,MD,Baltimore,1917,12,3,USA,TX,Fort Worth,Robert,Armstrong,Robert Livingston,160,74,,,1871-06-26,1871-08-29,armsr101,armstsa01
armstge01,1924,6,3,USA,NJ,Orange,1993,7,24,USA,NJ,Orange,George,Armstrong,Noble George,190,70,R,R,1946-04-26,1946-06-23,armsg101,armstge01
armstho01,1889,12,2,USA,OH,East Claridon,1926,3,8,USA,NY,Canisteo,Howard,Armstrong,Howard Elmer,165,69,R,R,1911-09-30,1911-09-30,armsh101,armstho01
armstja01,1965,3,7,USA,NJ,Englewood,,,,,,,Jack,Armstrong,Jack William,220,77,R,R,1988-06-21,1994-04-17,armsj001,armstja01
armstmi01,1954,3,7,USA,NY,Glen Cove,,,,,,,Mike,Armstrong,Michael Dennis,193,75,R,R,1980-08-12,1987-07-05,armsm001,armstmi01
armstsh01,1990,9,11,USA,NC,New Bern,,,,,,,Shawn,Armstrong,Shawn Michael,225,74,R,R,2015-08-08,2017-09-07,armss001,armstsh01
arndtha01,1879,2,12,USA,IN,South Bend,1921,3,25,USA,IN,South Bend,Harry,Arndt,Harry John,165,,R,R,1902-07-02,1907-05-25,arndh101,arndtha01
arndtla01,1963,2,25,USA,OH,Fremont,2014,1,3,USA,AZ,Tucson,Larry,Arndt,Larry Wayne,195,73,R,R,1989-06-06,1989-06-07,arndl001,arndtla01
arnolbi01,1851,3,2,USA,CT,Middletown,1899,1,18,USA,NY,Albany,Billy,Arnold,Willis S.,,,,,1872-04-26,1872-05-02,arnob101,arnolbi01
arnolch01,1947,11,6,USA,CA,Long Beach,,,,,,,Chris,Arnold,Christopher Paul,160,70,R,R,1971-09-07,1976-10-02,arnoc101,arnolch01
arnolja01,1974,3,24,USA,MI,Dearborn,,,,,,,Jamie,Arnold,James Lee,190,74,R,R,1999-04-20,2000-10-01,arnoj001,arnolja01
arnolsc01,1962,8,18,USA,KY,Lexington,,,,,,,Scott,Arnold,Scott Gentry,210,74,R,R,1988-04-07,1988-04-23,arnos001,arnolsc01
arnolto01,1959,5,3,USA,TX,El Paso,,,,,,,Tony,Arnold,Tony Dale,170,71,R,R,1986-08-09,1987-10-03,arnot001,arnolto01
arnovmo01,1910,11,16,USA,WI,Superior,1959,7,20,USA,WI,Superior,Morrie,Arnovich,Morris,168,70,R,R,1936-09-14,1946-04-21,arnom101,arnovmo01
arnsbbr01,1963,8,20,USA,WA,Seattle,,,,,,,Brad,Arnsberg,Bradley James,205,76,R,R,1986-09-06,1992-04-23,arnsb001,arnsbbr01
arntzor01,1909,10,18,USA,IL,Beverly,1970,1,28,USA,IA,Cedar Rapids,Orie,Arntzen,Orie Edgar,200,73,R,R,1943-04-20,1943-09-26,arnto101,arntzor01
arochre01,1964,2,24,Cuba,La Habana,La Habana,,,,,,,Rene,Arocha,Rene,180,72,R,R,1993-04-09,1997-06-06,arocr001,arochre01
arojo01,1990,10,10,D.R.,La Vega,La Vega,,,,,,,Jonathan,Aro,Jonathan Arturo,235,72,R,R,2015-06-25,2016-06-20,aro-j001,arojo01
arredjo01,1984,3,12,D.R.,San Pedro de Macoris,San Pedro de Macoris,,,,,,,Jose,Arredondo,Jose Juan,190,72,R,R,2008-05-14,2012-10-03,arrej001,arredjo01
arrieja01,1986,3,6,USA,MO,Farmington,,,,,,,Jake,Arrieta,Jacob Joseph,225,76,R,R,2010-06-10,2017-09-26,arrij001,arrieja01
arrigge01,1941,6,12,USA,IL,Chicago,,,,,,,Gerry,Arrigo,Gerald William,185,73,L,L,1961-06-12,1970-06-05,arrig101,arrigge01
arrojro01,1965,7,18,Cuba,Villa Clara,Santa Clara,,,,,,,Rolando,Arrojo,Luis Rolando,215,76,R,R,1998-04-01,2002-09-22,arror001,arrojro01
arroybr01,1977,2,24,USA,FL,Key West,,,,,,,Bronson,Arroyo,Bronson Anthony,185,75,R,R,2000-06-12,2017-06-18,arrob001,arroybr01
arroych01,1995,5,30,USA,FL,Tampa,,,,,,,Christian,Arroyo,Christian Israel,180,73,R,R,2017-04-24,2017-06-02,arroc001,arroych01
arroyfe01,1952,3,21,USA,CA,Sacramento,,,,,,,Fernando,Arroyo,Fernando,180,74,R,R,1975-06-28,1986-08-11,arrof001,arroyfe01
arroylu01,1927,2,18,P.R.,,Penuelas,2016,1,13,P.R.,,Ponce,Luis,Arroyo,Luis Enrique,178,68,L,L,1955-04-20,1963-05-28,arrol101,arroylu01
arroyru01,1950,6,19,USA,NY,New York,,,,,,,Rudy,Arroyo,Rudolph,195,74,L,L,1971-06-01,1971-06-24,arror101,arroyru01
arrueer01,1990,3,25,Cuba,Cienfuegos,Cienfuegos,,,,,,,Erisbel,Arruebarrena,Barbaro Erisbel,230,73,R,R,2014-05-23,2014-09-28,arrue001,arrueba01
arundha01,1855,2,8,USA,PA,Philadelphia,1904,3,25,USA,OH,Cleveland,Harry,Arundel,Harry,145,66,,R,1875-07-19,1884-10-10,arunh101,arundha01
arundtu01,1862,6,30,USA,NY,Auburn,1912,9,5,USA,NY,Romulus,Tug,Arundel,John Thomas,175,70,R,R,1882-05-23,1888-09-27,arunt101,arundtu01
asadora01,1962,10,20,USA,CA,Fresno,,,,,,,Randy,Asadoor,Randall Carl,185,73,R,R,1986-09-14,1986-10-05,asadr001,asadora01
asbelji01,1914,6,22,USA,TX,Dallas,1967,7,6,USA,CA,San Mateo,Jim,Asbell,James Marion,195,72,R,R,1938-05-08,1938-10-02,asbej101,asbelji01
asbjoca01,1909,6,19,USA,MA,Concord,1970,1,21,USA,PA,Williamsport,Casper,Asbjornson,Robert Anthony,196,73,R,R,1928-09-17,1932-08-31,asbjc101,asbjoca01
ascanjo01,1985,5,2,Venezuela,Aragua,Maracay,,,,,,,Jose,Ascanio,Jose Eleazar,195,71,R,R,2007-07-13,2011-06-05,ascaj001,ascanjo01
ascheco01,1990,6,30,USA,MO,St. Charles,,,,,,,Cody,Asche,Cody James,205,73,L,R,2013-07-30,2017-05-12,aschc001,ascheco01
asencmi01,1980,9,29,D.R.,Santo Domingo,Villa Mella,,,,,,,Miguel,Asencio,Miguel,190,74,R,R,2002-04-06,2006-04-29,asenm001,asencmi01
ashburi01,1927,3,19,USA,NE,Tilden,1997,9,9,USA,NY,New York,Richie,Ashburn,Don Richard,170,70,L,R,1948-04-20,1962-09-30,ashbr101,ashburi01
ashbyal01,1951,7,8,USA,CA,Long Beach,,,,,,,Alan,Ashby,Alan Dean,185,74,B,R,1973-07-03,1989-05-09,ashba001,ashbyal01
ashbyan01,1967,7,11,USA,MO,Kansas City,,,,,,,Andy,Ashby,Andrew Jason,180,73,R,R,1991-06-10,2004-09-14,ashba002,ashbyan01
asheral01,1991,10,4,USA,FL,Lakeland,,,,,,,Alec,Asher,Alec Edward,240,76,R,R,2015-08-30,2017-09-02,ashea001,asheral01
ashfotu01,1954,12,4,USA,TN,Memphis,,,,,,,Tucker,Ashford,Thomas Steven,195,73,R,R,1976-09-21,1984-05-14,ashft001,ashfotu01
ashke01,1901,9,16,USA,WV,Anmoore,1979,11,15,USA,WV,Clarksburg,Ken,Ash,Kenneth Lowther,165,71,R,R,1925-04-17,1930-09-26,ash-k101,ashke01
ashlebi01,1970,7,11,USA,MI,Trenton,,,,,,,Billy,Ashley,Billy Manual,220,79,R,R,1992-09-01,1998-07-30,ashlb001,ashlebi01
ashlene01,1984,8,14,USA,IN,Vincennes,,,,,,,Nevin,Ashley,Nevin Robert,245,73,R,R,2015-09-09,2015-10-02,ashln001,ashlene01
asmusto01,1878,9,26,USA,IL,Chicago,1963,8,21,USA,IL,Arlington Heights,Tom,Asmussen,Thomas William,,71,,R,1907-08-10,1907-08-19,asmut101,asmusto01
asprobo01,1938,6,19,USA,NY,Brooklyn,,,,,,,Bob,Aspromonte,Robert Thomas,170,74,R,R,1956-09-19,1971-09-28,asprb101,asprobo01
asproke01,1931,9,22,USA,NY,Brooklyn,,,,,,,Ken,Aspromonte,Kenneth Joseph,180,72,R,R,1957-09-02,1963-06-21,asprk101,asproke01
asselbr01,1953,9,23,USA,CA,Santa Barbara,,,,,,,Brian,Asselstine,Brian Hanly,175,73,L,R,1976-09-14,1981-10-03,asseb101,asselbr01
assenpa01,1960,12,10,USA,MI,Detroit,,,,,,,Paul,Assenmacher,Paul Andre,195,75,L,L,1986-04-12,1999-10-03,assep001,assenpa01
astacez01,1979,11,4,D.R.,Hato Mayor,Hato Mayor del Rey,,,,,,,Ezequiel,Astacio,Ezequiel F.,200,75,R,R,2005-05-03,2006-05-10,astae001,astacez01
astacpe01,1968,11,28,D.R.,Hato Mayor,Hato Mayor del Rey,,,,,,,Pedro,Astacio,Pedro Julio,174,74,R,R,1992-07-03,2006-09-27,astap001,astacpe01
astinba01,1991,10,22,USA,AR,Forrest City,,,,,,,Barrett,Astin,Barrett,225,73,R,R,2017-04-03,2017-05-14,astib001,astinba01
astrojo01,1922,9,1,USA,IL,East Alton,2013,5,3,USA,FL,Boca Raton,Joe,Astroth,Joseph Henry,187,69,R,R,1945-08-13,1956-05-13,astrj101,astrojo01
asuajca01,1991,11,2,Venezuela,Lara,Barquisimeto,,,,,,,Carlos,Asuaje,Carlos A.,158,69,L,R,2016-09-21,2017-10-01,asuac001,asuajca01
atchisc01,1976,3,29,USA,TX,Denton,,,,,,,Scott,Atchison,Scott Barham,200,74,R,R,2004-07-31,2015-06-22,atchs001,atchisc01
atchlju01,1973,9,5,USA,WA,Sedro-Woolley,,,,,,,Justin,Atchley,Justin Scott,215,75,L,L,2001-04-07,2001-07-12,atchj001,atchlju01
atherch01,1873,11,19,USA,NJ,New Brunswick,1935,12,17,Austria,,Vienna,Charlie,Atherton,Charles Morgan Herbert,160,70,R,R,1899-05-30,1899-08-22,athec101,atherch01
atherke01,1959,2,19,USA,VA,Newport News,,,,,,,Keith,Atherton,Keith Rowe,200,76,R,R,1983-07-14,1989-08-05,athek001,atherke01
atilalu01,1985,5,10,P.R.,,Santurce,,,,,,,Luis,Atilano,Luis A.,220,74,R,R,2010-04-23,2010-07-20,atill001,atilalu01
atkinal01,1861,3,9,USA,IL,Clinton,1952,6,17,USA,MO,McNatt,Al,Atkinson,Albert Wright,165,71,R,R,1884-05-01,1887-08-13,atkia101,atkinal01
atkinbi01,1954,10,4,CAN,ON,Chatham,,,,,,,Bill,Atkinson,William Cecil Glenn,165,67,L,R,1976-09-18,1979-09-26,atkib101,atkinbi01
atkined01,1851,,,USA,MD,Baltimore,,,,,,,Ed,Atkinson,Edward,,,,,1873-10-22,1873-10-23,atkie101,atkined01
atkinga01,1979,12,12,USA,CA,Orange,,,,,,,Garrett,Atkins,Garrett Bernard,190,74,R,R,2003-08-03,2010-06-25,atkig001,atkinga01
atkinja01,1921,3,10,USA,AL,Birmingham,2009,2,28,USA,AL,Hanceville,James,Atkins,James Curtis,205,75,L,R,1950-09-29,1952-05-10,atkij101,atkinja01
atkinle01,1904,6,4,USA,IL,Chicago,1961,2,12,USA,IL,Chicago,Lefty,Atkinson,Hubert Burley,149,66,L,L,1927-08-05,1927-08-05,atkil101,atkinle01
atkinmi01,1985,10,1,USA,NC,Browns Summit,,,,,,,Mitch,Atkins,Mitchell Shane,225,76,R,R,2009-07-29,2011-07-17,atkim001,atkinmi01
atkinto01,1887,12,9,USA,NE,Ponca,1956,5,7,USA,OH,Cleveland,Tommy,Atkins,Francis Montgomery,165,70,L,L,1909-10-02,1910-09-28,atkit101,atkinto01
attredi01,1897,4,8,USA,IL,Chicago,1964,7,5,USA,IL,Chicago,Dick,Attreau,Richard Gilbert,160,72,L,L,1926-09-14,1927-09-28,attrd101,attredi01
atwelto01,1924,3,8,USA,VA,Leesburg,2003,1,25,USA,VA,Purcellville,Toby,Atwell,Maurice Dailey,185,69,L,R,1952-04-15,1956-09-28,atwet101,atwelto01
atwoobi01,1911,9,25,USA,GA,Rome,1993,9,14,USA,TX,Snyder,Bill,Atwood,William Franklin,190,71,R,R,1936-04-15,1940-09-29,atwob101,atwoobi01
atzja01,1879,7,1,USA,DC,Washington,1945,5,22,USA,LA,New Orleans,Jake,Atz,Jacob Henry,160,69,R,R,1902-09-24,1909-09-30,atz-j101,atzja01
aubreha01,1881,7,5,USA,MO,St. Joseph,1953,9,18,USA,MD,Baltimore,Chub,Aubrey,Harry Herbert,130,67,R,R,1903-04-22,1903-09-27,aubrc101,aubreha01
aubremi01,1982,4,15,USA,LA,Shreveport,,,,,,,Michael,Aubrey,Robert Michael,190,72,L,L,2008-05-17,2009-10-04,aubrm001,aubremi01
aucoide01,1970,3,27,CAN,QC,Lachine,,,,,,,Derek,Aucoin,Derek Alfred,235,79,R,R,1996-05-21,1996-05-25,aucod001,aucoide01
auderi01,1971,7,13,USA,CA,Van Nuys,,,,,,,Rich,Aude,Richard Thomas,180,77,R,R,1993-09-09,1996-05-15,auder001,auderi01
auerbri01,1950,2,15,USA,CA,Woodland Hills,,,,,,,Rick,Auerbach,Frederick Steven,165,72,R,R,1971-04-13,1981-08-12,auerr101,auerbri01
augenbr01,1986,7,11,USA,FL,Sebastian,,,,,,,Bryan,Augenstein,Bryan Christopher,230,78,R,R,2009-05-13,2011-04-12,augeb001,augenbr01
augusda01,1949,11,28,USA,WV,Follansbee,,,,,,,Dave,Augustine,David Ralph,174,74,R,R,1973-09-03,1974-10-02,augud101,augusda01
augusdo01,1963,7,3,USA,CA,Inglewood,,,,,,,Don,August,Donald Glenn,190,75,R,R,1988-06-02,1991-10-01,augud001,augusdo01
augusje01,1952,7,24,USA,WI,Kewaunee,,,,,,,Jerry,Augustine,Gerald Lee,183,72,L,L,1975-09-09,1984-04-11,auguj001,augusje01
aukerel01,1910,9,21,USA,KS,Norcatur,2006,8,4,USA,FL,Vero Beach,Elden,Auker,Elden LeRoy,194,74,R,R,1933-08-10,1942-09-20,aukee101,aukerel01
auldsle01,1920,12,28,USA,LA,Farmerville,1999,10,13,USA,TX,Hondo,Tex,Aulds,Leycester Doyle,185,74,R,R,1947-05-25,1947-06-22,auldt101,auldsle01
aultdo01,1950,3,9,USA,TX,Beaumont,2004,12,22,USA,FL,Tarpon Springs,Doug,Ault,Douglas Reagan,200,75,R,L,1976-09-09,1980-10-05,aultd101,aultdo01
aumonph01,1989,1,7,CAN,QC,Gatineau,,,,,,,Phillippe,Aumont,Phillippe,240,79,L,R,2012-08-23,2015-06-19,aumop001,aumonph01
aurilri01,1971,9,2,USA,NY,Brooklyn,,,,,,,Rich,Aurilia,Richard Santo,170,72,R,R,1995-09-06,2009-10-04,aurir001,aurilri01
ausanjo01,1965,12,9,USA,NY,Kingston,,,,,,,Joe,Ausanio,Joseph John,205,73,R,R,1994-07-14,1995-09-15,ausaj001,ausanjo01
ausmubr01,1969,4,14,USA,CT,New Haven,,,,,,,Brad,Ausmus,Bradley David,190,71,R,R,1993-07-28,2010-10-03,ausmb001,ausmubr01
austde01,1940,11,25,USA,NE,Tecumseh,,,,,,,Dennis,Aust,Dennis Kay,180,71,R,R,1965-09-06,1966-05-07,austd101,austde01
austihe01,1844,10,,USA,NY,,1904,11,2,USA,NY,Amityville,Henry,Austin,Henry C.,,,,,1873-04-28,1873-08-07,austh101,austihe01
austije01,1976,10,19,USA,CA,San Bernardino,,,,,,,Jeff,Austin,Jeffrey Wellington,185,72,R,R,2001-06-26,2003-05-28,austj002,austije01
austiji01,1879,12,8,United Kingdom,Swansea,Swansea,1965,3,6,USA,CA,Laguna Beach,Jimmy,Austin,James Philip,155,67,B,R,1909-04-19,1929-10-06,austj101,austiji01
austiji02,1963,12,7,USA,VA,Farmville,,,,,,,Jim,Austin,James Parker,200,74,R,R,1991-07-04,1993-07-20,austj001,austiji02
austiri01,1946,10,27,USA,WA,Seattle,,,,,,,Rick,Austin,Rick Gerald,190,76,R,L,1970-06-21,1976-06-27,austr101,austiri01
austity01,1991,9,6,USA,GA,Conyers,,,,,,,Tyler,Austin,Christopher Tyler,220,74,R,R,2016-08-13,2017-10-01,austt001,austity01
autryal01,1952,2,29,USA,CA,Modesto,,,,,,,Al,Autry,Albert,225,77,R,R,1976-09-14,1976-09-14,autra101,autryal01
autrych01,1885,1,2,USA,TN,Humboldt,1976,1,16,USA,CA,Santa Rosa,Chick,Autry,William Askew,168,71,L,L,1907-09-18,1909-10-07,autrc101,autrych01
autrych02,1903,3,5,USA,TX,Martindale,1950,1,26,USA,GA,Savannah,Chick,Autry,Martin Gordon,180,72,R,R,1924-04-20,1930-09-18,autrc102,autrych02
avenbr01,1972,3,4,USA,TX,Orange,,,,,,,Bruce,Aven,David Bruce,180,69,R,R,1997-08-27,2002-05-27,avenb001,avenbr01
averiea01,1902,5,21,USA,WA,Snohomish,1983,8,16,USA,WA,Everett,Earl,Averill,Howard Earl,172,69,L,R,1929-04-16,1941-04-25,avere101,averiea01
averiea02,1931,9,9,USA,OH,Cleveland,2015,5,13,USA,WA,Tacoma,Earl,Averill,Earl Douglas,185,70,R,R,1956-04-19,1963-09-26,avere102,averiea02
averyst01,1970,4,14,USA,MI,Trenton,,,,,,,Steve,Avery,Steven Thomas,180,76,L,L,1990-06-13,2003-07-20,avers001,averyst01
averyxa01,1990,1,1,USA,GA,Atlanta,,,,,,,Xavier,Avery,Xavier Tyrone,190,72,L,L,2012-05-13,2012-10-01,averx001,averyxa01
avilaal01,1987,1,29,USA,FL,Hialeah,,,,,,,Alex,Avila,Alexander Thomas,210,71,L,R,2009-08-06,2017-10-01,avila001,avilaal01
avilabo01,1924,4,2,Mexico,Veracruz,Veracruz,2004,10,26,Mexico,Veracruz,Veracruz,Bobby,Avila,Roberto Francisco,175,70,R,R,1949-04-30,1959-09-29,avilb101,avilabo01
avilalu01,1989,7,19,Venezuela,Distrito Federal,Caracas,,,,,,,Luis,Avilan,Luis Armando,225,74,L,L,2012-07-14,2017-09-21,avill001,avilalu01
avilemi01,1981,3,13,USA,NY,New York,,,,,,,Mike,Aviles,Michael Anthony,205,70,R,R,2008-05-29,2017-10-01,avilm001,avilemi01
avilera01,1952,1,22,P.R.,,Manati,,,,,,,Ramon,Aviles,Ramon Antonio,155,69,R,R,1977-07-10,1981-10-04,avilr101,avilera01
avreaja01,1920,7,6,USA,TX,Cleburne,1987,6,26,USA,TX,Dallas,Jay,Avrea,James Epherium,175,73,R,R,1950-04-22,1950-05-06,avrej101,avreaja01
axelrdy01,1985,7,30,USA,CA,Santa Barbara,,,,,,,Dylan,Axelrod,Dylan Davis Haines,195,70,R,R,2011-09-07,2015-08-18,axeld001,axelrdy01
axforjo01,1983,4,1,CAN,ON,Simcoe,,,,,,,John,Axford,John Berton,220,77,R,R,2009-09-15,2017-07-24,axfoj001,axforjo01
ayalabe01,1951,2,7,P.R.,,Yauco,,,,,,,Benny,Ayala,Benigno,185,73,R,R,1974-08-27,1985-10-02,ayalb001,ayalabe01
ayalabo01,1969,7,8,USA,CA,Ventura,,,,,,,Bobby,Ayala,Robert Joseph,190,74,R,R,1992-09-05,1999-10-02,ayalb002,ayalabo01
ayalalu01,1978,1,12,Mexico,Sinaloa,Los Mochis,,,,,,,Luis,Ayala,Luis Ignacio,205,74,R,R,2003-03-31,2013-09-29,ayall001,ayalalu01
aybarer01,1984,1,14,D.R.,Peravia,Bani,,,,,,,Erick,Aybar,Erick Johan,195,70,B,R,2006-05-16,2017-10-01,aybae001,aybarer01
aybarma01,1972,5,4,D.R.,Peravia,Bani,,,,,,,Manny,Aybar,Manuel Antonio,165,73,R,R,1997-08-04,2005-06-10,aybam001,aybarma01
aybarwi01,1983,3,9,D.R.,Peravia,Bani,,,,,,,Willy,Aybar,Willy Del Jesus,205,71,B,R,2005-08-31,2010-10-03,aybaw001,aybarwi01
aydelja01,1861,7,6,USA,IN,Marion,1926,10,22,USA,MI,Detroit,Jake,Aydelott,Jacob Stuart,180,72,L,R,1884-05-15,1886-07-13,aydej101,aydelja01
ayersbi01,1919,9,27,USA,GA,Newnan,1980,9,24,USA,GA,Newnan,Bill,Ayers,William Oscar,185,75,R,R,1947-04-17,1947-07-13,ayerb101,ayersbi01
ayersdo01,1891,5,21,USA,VA,Snake Creek,1968,5,26,USA,VA,Pulaski,Doc,Ayers,Yancey Wyatt,185,73,R,R,1913-09-09,1921-05-21,ayerd101,ayersdo01
aylwadi01,1925,6,4,USA,MD,Baltimore,1983,6,11,USA,CA,Spring Valley,Dick,Aylward,Richard John,190,72,R,R,1953-05-01,1953-05-20,aylwd101,aylwadi01
ayraubo01,1966,4,27,USA,CA,South Lake Tahoe,,,,,,,Bob,Ayrault,Robert Cunningham,230,76,R,R,1992-06-07,1993-07-25,ayrab001,ayraubo01
ayraujo01,1971,10,8,USA,MI,Rochester,,,,,,,Joe,Ayrault,Joseph Allen,190,75,R,R,1996-09-01,1996-09-29,ayraj001,ayraujo01
azcuejo01,1939,8,18,Cuba,Cienfuegos,Cienfuegos,,,,,,,Joe,Azcue,Jose Joaquin,190,72,R,R,1960-08-03,1972-09-29,azcuj101,azcuejo01
azocaos01,1965,2,21,Venezuela,Sucre,Soro,2010,6,14,Venezuela,Carabobo,Valencia,Oscar,Azocar,Oscar Gregorio,170,73,L,L,1990-07-17,1992-10-04,azoco001,azocaos01
babbch01,1873,2,20,USA,OR,Milwaukie,1954,3,19,USA,OR,Portland,Charlie,Babb,Charles Amos,165,70,B,R,1903-04-17,1905-09-02,babbc101,babbch01
babcobo01,1949,8,25,USA,PA,New Castle,,,,,,,Bob,Babcock,Robert Ernest,210,77,R,R,1979-07-22,1981-06-11,babcb101,babcobo01
babelo01,1928,1,11,USA,IA,Pisgah,1984,2,14,USA,NE,Omaha,Loren,Babe,Loren Rolland,180,70,L,R,1952-08-19,1953-09-27,babel101,babelo01
babicjo01,1913,5,14,USA,CA,Albion,2001,1,19,USA,CA,Richmond,Johnny,Babich,John Charles,185,73,R,R,1934-06-19,1941-08-28,babij101,babicjo01
babinch01,1895,5,4,USA,RI,Cranston,1957,3,22,USA,RI,Providence,Charlie,Babington,Charles Percy,170,72,R,R,1915-07-20,1915-09-26,babic101,babinch01
babitsh01,1959,3,9,USA,CA,Oakland,,,,,,,Shooty,Babitt,Mack Neal,174,68,R,R,1981-04-09,1981-09-04,babis101,babitsh01
backebr01,1978,4,5,USA,TX,Galveston,,,,,,,Brandon,Backe,Brandon Allen,182,72,R,R,2002-07-19,2009-06-18,backb001,backebr01
backmle01,1888,3,20,USA,OH,Cleves,1975,11,8,USA,OH,Cincinnati,Les,Backman,Lester John,195,72,R,R,1909-07-03,1910-08-28,backl101,backmle01
backmwa01,1959,9,22,USA,OR,Hillsboro,,,,,,,Wally,Backman,Walter Wayne,160,69,B,R,1980-09-02,1993-05-14,backw001,backmwa01
baconed01,1895,4,8,USA,KY,Frankfort,1963,10,2,USA,KY,Louisville,Eddie,Bacon,Edgar Suter,158,68,,,1917-08-13,1917-08-20,bacoe101,baconed01
bacsimi01,1952,4,1,USA,TX,Dallas,,,,,,,Mike,Bacsik,Michael James,180,74,R,R,1975-06-15,1980-08-09,bacsm101,bacsimi01
bacsimi02,1977,11,11,USA,TX,Dallas,,,,,,,Mike,Bacsik,Michael Joseph,225,74,L,L,2001-08-05,2007-09-30,bacsm001,bacsimi02
baczefr01,1926,5,15,USA,MN,St. Paul,1976,11,14,USA,CA,Culver City,Fred,Baczewski,Frederic John,185,74,L,L,1953-04-26,1955-04-16,baczf101,baczefr01
badenbu01,1983,2,8,USA,GA,Atlanta,,,,,,,Burke,Badenhop,Burke Heinrich,205,77,R,R,2008-04-09,2015-10-03,badeb001,badenbu01
baderar01,1886,9,21,USA,MO,St. Louis,1957,4,5,USA,MO,St. Louis,Art,Bader,Arthur Herman,170,70,R,R,1904-08-02,1904-08-03,badea101,baderar01
baderha01,1994,6,3,USA,NY,Bronxville,,,,,,,Harrison,Bader,Harrison Joseph,195,72,R,R,2017-07-25,2017-10-01,badeh001,baderha01
baderlo01,1888,4,27,USA,IL,Bader,1973,6,2,USA,KS,Le Roy,King,Bader,Lore Verne,175,72,L,R,1912-09-30,1918-07-18,badek101,baderlo01
badgrre01,1902,12,1,USA,WA,Orillia,1998,7,13,USA,WA,Kent,Red,Badgro,Morris Hiram,190,72,L,R,1929-06-20,1930-09-18,badgr101,badgrre01
baeched01,1907,5,15,USA,OK,Paden,1957,8,15,USA,IL,Grafton,Ed,Baecht,Edward Joseph,195,75,R,R,1926-04-24,1937-09-03,baece101,baeched01
baekch01,1980,5,29,South Korea,Busan,Busan,,,,,,,Cha-Seung,Baek,Cha-Seung,190,76,R,R,2004-08-08,2008-09-28,baekc001,baekch01
baergca01,1968,11,4,P.R.,,Santurce,,,,,,,Carlos,Baerga,Carlos Obed,165,71,B,R,1990-04-14,2005-09-30,baerc001,baergca01
baezbe01,1977,5,6,D.R.,Monsenor Nouel,Bonao,,,,,,,Benito,Baez,Benito,160,72,L,L,2001-08-25,2001-10-05,baezb001,baezbe01
baezda01,1977,9,10,Cuba,Pinar del Rio,Pinar del Rio,,,,,,,Danys,Baez,Danys G.,225,75,R,R,2001-05-13,2011-07-16,baezd001,baezda01
baezja01,1992,12,1,P.R.,,Bayamon,,,,,,,Javier,Baez,Ednel Javier,190,72,R,R,2014-08-05,2017-10-01,baezj001,baezja01
baezjo01,1953,12,31,D.R.,San Cristobal,San Cristobal,,,,,,,Jose,Baez,Jose Antonio,160,68,R,R,1977-04-06,1978-06-06,baezj101,baezjo01
baezke01,1967,1,10,USA,NY,Brooklyn,,,,,,,Kevin,Baez,Kevin Richard,160,72,R,R,1990-09-03,1993-10-03,baezk001,baezke01
baezpe01,1988,3,11,D.R.,Peravia,Bani,,,,,,,Pedro,Baez,Pedro Alberys,230,72,R,R,2014-05-05,2017-09-30,baezp001,baezpe01
bagbyji01,1889,10,5,USA,GA,Barnett,1954,7,28,USA,GA,Marietta,Jim,Bagby,James Charles Jacob,170,72,B,R,1912-04-22,1923-09-07,bagbj101,bagbyji01
bagbyji02,1916,9,8,USA,OH,Cleveland,1988,9,2,USA,GA,Marietta,Jim,Bagby,James Charles Jacob,170,74,R,R,1938-04-18,1947-09-25,bagbj102,bagbyji02
bagwebi01,1895,2,24,USA,LA,Choudrant,1976,10,5,USA,LA,Choudrant,Bill,Bagwell,William Mallory,175,73,L,L,1923-04-17,1925-09-26,bagwb101,bagwebi01
bagweje01,1968,5,27,USA,MA,Boston,,,,,,,Jeff,Bagwell,Jeffrey Robert,195,72,R,R,1991-04-08,2005-10-02,bagwj001,bagweje01
bahnsst01,1944,12,15,USA,IA,Council Bluffs,,,,,,,Stan,Bahnsen,Stanley Raymond,185,74,R,R,1966-09-09,1982-10-02,bahns101,bahnsst01
bahred01,1919,10,16,CAN,SK,Rouleau,2007,4,6,USA,WA,Seattle,Ed,Bahr,Edson Garfield,172,73,R,R,1946-05-01,1947-07-04,bahre101,bahred01
bahrefr01,1858,,,USA,NY,Poughkeepsie,1888,3,30,USA,NY,Poughkeepsie,Frank,Bahret,Franklin F.,184,73,,,1884-04-17,1884-04-22,bahrf101,bahrefr01
baichgr01,1889,12,10,USA,IL,Toledo,1956,6,28,USA,CA,San Jose,Grover,Baichley,Grover Cleveland,165,68,R,R,1914-08-24,1914-09-04,baicg101,baichgr01
bailean01,1984,5,31,USA,NJ,Voorhees,,,,,,,Andrew,Bailey,Andrew Scott,240,75,R,R,2009-04-06,2017-08-15,baila001,bailean01
bailebi01,1888,4,12,USA,AR,Fort Smith,1926,11,2,USA,TX,Houston,Bill,Bailey,William F.,165,71,L,L,1907-09-17,1922-06-26,bailb101,bailebi01
bailebi02,1881,11,19,USA,OH,Shawnee,1967,10,27,USA,WA,Seattle,Bill,Bailey,Harry Lewis,170,70,L,R,1911-04-21,1911-05-27,bailb102,bailebi02
bailebo01,1942,10,13,USA,CA,Long Beach,2018,1,9,USA,NV,Las Vegas,Bob,Bailey,Robert Sherwood,180,73,R,R,1962-09-14,1978-10-02,bailb103,bailebo01
baileco01,1971,1,24,USA,IL,Herrin,,,,,,,Cory,Bailey,Philip Cory,195,72,R,R,1993-09-01,2002-07-03,bailc001,baileco01
baileed01,1931,4,15,USA,TN,Strawberry Plains,2007,3,23,USA,TN,Knoxville,Ed,Bailey,Lonas Edgar,205,74,L,R,1953-09-26,1966-04-26,baile101,baileed01
bailefr01,1895,8,16,USA,WV,Mount Hope,1972,8,16,USA,WV,Huntington,Fred,Bailey,Frederick Middleton,150,71,L,L,1916-08-19,1918-04-27,bailf101,bailefr01
bailege01,1893,11,25,USA,TX,Pearsall,1973,11,14,USA,TX,Houston,Gene,Bailey,Arthur Eugene,160,68,R,R,1917-09-10,1924-06-03,bailg101,bailege01
baileha01,1876,11,24,USA,MI,Palmyra,1922,7,10,USA,OH,Toledo,Harvey,Bailey,Harvey Francis,160,72,,L,1899-06-30,1900-05-21,bailh102,baileha01
baileho01,1957,7,31,USA,MI,Grand Haven,,,,,,,Howard,Bailey,Howard Lee,195,72,R,L,1981-04-12,1983-10-01,bailh101,baileho01
baileho02,1986,5,3,USA,TX,La Grange,,,,,,,Homer,Bailey,David Dewitt,223,76,R,R,2007-06-08,2017-09-27,bailh001,baileho02
baileje01,1978,11,19,USA,WA,Longview,,,,,,,Jeff,Bailey,Jeffrey Todd,200,74,R,R,2007-07-06,2009-07-04,bailj001,baileje01
baileji01,1934,12,16,USA,TN,Strawberry Plains,,,,,,,Jim,Bailey,James Hopkins,210,74,B,L,1959-09-10,1959-09-20,bailj101,baileji01
baileki01,1869,11,22,USA,VA,Tunstall Station,1917,11,19,USA,GA,Macon,King,Bailey,Linwood Clifton,185,72,L,L,1895-09-21,1895-09-21,bailk101,baileki01
bailema01,1961,11,4,USA,MO,Springfield,,,,,,,Mark,Bailey,John Mark,195,77,B,R,1984-04-27,1992-08-22,bailm001,bailema01
bailero01,1970,10,3,USA,FL,Chattahoochee,,,,,,,Roger,Bailey,Charles Roger,180,73,R,R,1995-04-27,1997-09-24,bailr001,bailero01
bailesc01,1961,12,18,USA,OH,Chillicothe,,,,,,,Scott,Bailes,Scott Alan,170,74,L,L,1986-04-09,1998-09-27,bails001,bailesc01
bailest01,1942,2,12,USA,NY,Bronx,,,,,,,Steve,Bailey,Steven John,194,73,R,R,1967-04-14,1968-09-26,bails102,bailest01
bailesw01,1895,2,12,USA,IL,Joliet,1939,9,27,USA,IL,Joliet,Sweetbread,Bailey,Abraham Lincoln,184,72,R,R,1919-05-23,1921-06-11,bails101,bailesw01
bailobo01,1951,7,10,USA,PA,Connellsville,,,,,,,Bob,Bailor,Robert Michael,170,71,R,R,1975-09-06,1985-10-06,bailb001,bailobo01
baineha01,1959,3,15,USA,MD,Easton,,,,,,,Harold,Baines,Harold Douglas,175,74,L,L,1980-04-10,2001-09-27,bainh001,baineha01
bainlo01,1922,7,4,USA,MN,Staples,1996,11,24,USA,WI,Chetek,Loren,Bain,Herbert Loren,190,72,R,R,1945-06-23,1945-07-04,bainl101,bainlo01
bairdal01,1895,6,2,USA,TX,Cleburne,1976,11,27,USA,LA,Shreveport,Al,Baird,Albert Wells,160,69,R,R,1917-09-10,1919-09-28,baira101,bairdal01
bairdbo01,1940,1,16,USA,TN,Knoxville,1974,4,11,USA,TN,Chattanooga,Bob,Baird,Robert Allen,195,76,L,L,1962-09-03,1963-09-27,bairb101,bairdbo01
bairddo01,1891,9,27,USA,MO,St. Charles,1967,6,13,USA,GA,Thomasville,Doug,Baird,Howard Douglas,148,69,R,R,1915-04-17,1920-10-02,baird101,bairddo01
bairdo01,1949,8,22,USA,OH,Defiance,,,,,,,Doug,Bair,Charles Douglas,170,72,R,R,1976-09-13,1990-10-03,baird001,bairdo01
baislje01,1982,12,19,USA,FL,Tampa,,,,,,,Jeff,Baisley,Jeffrey Scot,225,75,R,R,2008-09-09,2008-09-28,baisj001,baislje01
bajenje01,1978,3,21,USA,CA,Pomona,,,,,,,Jeff,Bajenaru,Jeffrey Michael,190,73,R,R,2004-09-04,2006-08-07,bajej001,bajenje01
bakelje01,1864,4,17,USA,NJ,Blackwood,1915,2,17,USA,PA,Philadelphia,Jersey,Bakley,Edward Enoch,170,68,R,R,1883-05-11,1891-08-20,bakej102,bakelje01
bakenda01,1945,3,5,USA,OH,Columbus,2014,7,30,USA,OH,Galena,Dave,Bakenhaster,David Lee,168,70,R,R,1964-06-20,1964-07-22,baked103,bakenda01
bakeral01,1906,2,28,USA,MS,Batesville,1982,11,6,USA,TX,Kenedy,Al,Baker,Albert Jones,170,71,R,R,1938-08-20,1938-08-29,bakea101,bakeral01
bakerbi01,1911,2,22,USA,NC,Paw Creek,2006,4,13,USA,SC,Myrtle Beach,Bill,Baker,William Presley,200,72,R,R,1940-05-04,1949-08-01,bakeb101,bakerbi01
bakerbo01,1878,7,17,USA,NY,Troy,1940,8,17,USA,NY,New York,Bock,Baker,Charles,181,69,,L,1901-04-28,1901-05-13,bakeb102,bakerbo01
bakerch01,1856,1,15,USA,MA,West Boylston,1937,1,15,USA,NH,Goffstown,Charlie,Baker,Charles Arthur,140,64,R,R,1884-08-01,1884-08-27,bakec102,bakerch01
bakerch02,1952,12,6,USA,WA,Seattle,,,,,,,Chuck,Baker,Charles Joseph,180,71,R,R,1978-04-07,1981-10-04,bakec101,bakerch02
bakerda01,1956,11,25,USA,IA,Lacona,,,,,,,Dave,Baker,David Glenn,185,72,L,R,1982-09-12,1982-09-29,baked101,bakerda01
bakerde01,1892,5,3,USA,OR,Sherwood,1973,9,11,USA,TX,Olmos Park,Del,Baker,Delmer David,176,71,R,R,1914-04-16,1916-09-30,baked102,bakerde01
bakerdo01,1961,4,3,USA,CA,Fullerton,,,,,,,Doug,Baker,Douglas Lee,165,69,B,R,1984-07-02,1990-04-12,baked001,bakerdo01
bakerdu01,1949,6,15,USA,CA,Riverside,,,,,,,Dusty,Baker,Johnnie B.,183,74,R,R,1968-09-07,1986-10-04,baked002,bakerdu01
bakerer01,1875,8,8,USA,MI,Concord,1945,10,25,USA,MI,Homer,Ernie,Baker,Earnest Gould,160,70,R,R,1905-08-18,1905-08-18,bakee101,bakerer01
bakerfl01,1916,10,10,USA,VA,Luray,2004,11,16,USA,OH,Youngstown,Floyd,Baker,Floyd Wilton,160,69,L,R,1943-05-04,1955-05-04,bakef103,bakerfl01
bakerfr01,1886,3,13,USA,MD,Trappe,1963,6,28,USA,MD,Trappe,Home Run,Baker,John Franklin,173,71,L,R,1908-09-21,1922-09-29,bakef102,bakerfr01
bakerfr02,1944,1,11,USA,FL,Bartow,2010,1,28,USA,NC,Raleigh,Frank,Baker,Frank,180,70,L,R,1969-07-27,1971-09-29,bakef104,bakerfr02
bakerfr03,1946,10,29,USA,MS,Meridian,,,,,,,Frank,Baker,Frank Watts,178,74,L,R,1970-08-09,1974-10-02,bakef101,bakerfr03
bakerge01,1857,8,20,USA,MO,St. Louis,1915,1,29,USA,MO,St. Louis,George,Baker,George F.,162,71,,,1883-05-24,1886-05-01,bakeg102,bakerge01
bakerge02,1925,6,15,USA,IA,Davenport,1999,12,1,USA,IA,Davenport,Gene,Baker,Eugene Walter,170,73,R,R,1953-09-20,1961-06-10,bakeg101,bakerge02
bakerho01,1888,3,1,USA,CT,Bridgeport,1964,1,16,USA,CT,Bridgeport,Howard,Baker,Howard Francis,175,71,R,R,1912-08-11,1915-10-06,bakeh101,bakerho01
bakerja01,1950,5,4,USA,AL,Birmingham,,,,,,,Jack,Baker,Jack Edward,225,77,R,R,1976-09-11,1977-06-08,bakej103,bakerja01
bakerje01,1888,6,3,USA,WA,Anderson Island,1972,9,26,USA,WA,Tacoma,Jesse,Baker,Jesse Ormond,188,71,L,L,1911-04-23,1911-09-04,bakej101,bakerje01
bakerje02,1895,3,4,USA,OH,Cleveland,1976,7,29,USA,CA,West Los Angeles,Jesse,Baker,Jesse,140,64,R,R,1919-09-14,1919-09-14,bakej104,bakerje02
bakerje03,1981,6,21,Germany,Bavaria,Bad Kissingen,,,,,,,Jeff,Baker,Jeffrey Glen,220,74,R,R,2005-04-04,2015-07-07,bakej001,bakerje03
bakerjo01,1981,1,20,USA,CA,Alameda,,,,,,,John,Baker,John David,215,73,L,R,2008-07-09,2014-09-28,bakej002,bakerjo01
bakerki01,1869,6,24,USA,IN,Aurora,1927,4,13,USA,KY,Covington,Kirtley,Baker,Kirtley,160,69,R,R,1890-05-07,1899-06-14,bakek101,bakerki01
bakerne01,1904,4,30,USA,TX,La Porte,1982,1,5,USA,TX,Houston,Neal,Baker,Neal Vernon,175,73,R,R,1927-06-26,1927-07-26,baken102,bakerne01
bakerno01,1862,10,14,USA,PA,Philadelphia,1949,2,20,USA,NJ,Hurffville,Norm,Baker,Norman Leslie,,,,,1883-05-21,1890-08-30,baken101,bakerno01
bakerph01,1856,9,19,USA,PA,Philadelphia,1940,6,4,USA,DC,Washington,Phil,Baker,Philip,152,68,L,L,1883-05-01,1886-09-02,bakep101,bakerph01
bakersc01,1970,5,18,USA,CA,San Jose,,,,,,,Scott,Baker,Scott,175,74,L,L,1995-07-17,1995-07-17,bakes001,bakersc01
bakersc02,1981,9,19,USA,LA,Shreveport,,,,,,,Scott,Baker,Timothy Scott,215,76,R,R,2005-05-07,2015-05-02,bakes002,bakersc02
bakerst01,1956,8,30,USA,OR,Eugene,,,,,,,Steve,Baker,Steven Byrne,185,72,R,R,1978-05-25,1983-09-27,bakes101,bakerst01
bakerto01,1913,6,11,USA,TX,Nursery,1991,1,3,USA,TX,Fort Worth,Tom,Baker,Thomas Calvin,180,73,R,R,1935-08-15,1938-09-24,baket103,bakerto01
bakerto02,1934,5,6,USA,WA,Port Townsend,1980,3,9,USA,WA,Port Townsend,Tom,Baker,Thomas Henry,195,72,L,L,1963-08-02,1963-09-14,baket102,bakerto02
bakertr01,1891,11,7,USA,OR,Pendleton,1975,3,14,USA,CA,Placerville,Tracy,Baker,Trace Lee,180,73,R,R,1911-06-19,1911-06-19,baket101,bakertr01
bakopa01,1972,6,20,USA,LA,Lafayette,,,,,,,Paul,Bako,Gabor Paul,205,74,L,R,1998-04-30,2009-10-04,bakop001,bakopa01
balasmi01,1910,5,9,USA,MA,Lowell,1996,10,15,USA,MA,Westford,Mike,Balas,Mitchell Francis,195,72,R,R,1938-04-27,1938-04-27,balam101,balasmi01
balazjo01,1950,11,24,CAN,ON,Toronto,,,,,,,John,Balaz,John Lawrence,180,75,R,R,1974-09-10,1975-09-28,balaj101,balazjo01
balbost01,1957,1,16,USA,MA,Brockton,,,,,,,Steve,Balboni,Stephen Charles,225,75,R,R,1981-04-22,1993-10-02,balbs001,balbost01
balcebo01,1925,8,1,USA,CA,San Pedro,1990,1,5,USA,CA,San Pedro,Bobby,Balcena,Robert Rudolph,160,67,R,L,1956-09-16,1956-09-29,balcb101,balcebo01
baldero01,1981,9,25,USA,RI,Woonsocket,,,,,,,Rocco,Baldelli,Rocco Dan,190,76,R,R,2003-03-31,2010-10-03,baldr001,baldero01
baldsja01,1936,10,16,USA,OH,Greenville,,,,,,,Jack,Baldschun,Jack Edward,175,73,R,R,1961-04-28,1970-08-21,baldj101,baldsja01
baldwbi01,1948,6,9,USA,VA,Tazewell,2011,6,28,USA,OH,Hudson,Billy,Baldwin,Robert Harvey,175,72,L,L,1975-07-29,1976-09-28,baldb101,baldwbi01
baldwda01,1938,3,30,USA,AZ,Tucson,,,,,,,Dave,Baldwin,David George,200,74,R,R,1966-09-06,1973-08-07,baldd101,baldwda01
baldwfr01,1928,12,25,USA,NJ,High Bridge,2004,11,18,USA,OH,Beaver,Frank,Baldwin,Frank DeWitt,195,71,R,R,1953-04-22,1953-09-05,baldf101,baldwfr01
baldwha01,1900,6,3,USA,MD,Baltimore,1958,1,23,USA,MD,Baltimore,Harry,Baldwin,Howard Edward,160,71,R,R,1924-05-04,1925-04-24,baldh101,baldwha01
baldwhe01,1894,6,13,USA,PA,Chadds Ford,1964,2,24,USA,PA,West Chester,Henry,Baldwin,Henry Clay,180,71,R,R,1927-05-22,1927-06-03,baldh102,baldwhe01
baldwja01,1971,7,15,USA,NC,Pinehurst,,,,,,,James,Baldwin,James,210,75,R,R,1995-04-30,2005-09-29,baldj002,baldwja01
baldwje01,1965,9,5,USA,DE,Milford,,,,,,,Jeff,Baldwin,Jeffrey Allen,180,73,L,L,1990-05-22,1990-06-04,baldj001,baldwje01
baldwki01,1864,11,1,USA,KY,Newport,1897,7,10,USA,OH,Cincinnati,Kid,Baldwin,Clarence Geoghan,147,66,R,R,1884-07-27,1890-09-16,baldk101,baldwki01
baldwla01,1859,4,8,USA,NY,Oramel,1937,3,7,USA,MI,Hastings,Lady,Baldwin,Charles B.,160,71,R,L,1884-09-30,1890-06-26,baldl101,baldwla01
baldwma01,1863,10,29,USA,PA,Pittsburgh,1929,11,10,USA,PA,Pittsburgh,Mark,Baldwin,Marcus Elmore,190,72,R,R,1887-05-02,1893-09-30,baldm101,baldwma01
baldwof01,1881,11,3,USA,MI,Carson City,1942,2,16,USA,CA,Los Angeles,Orson,Baldwin,Orson Frederick,185,,,R,1908-09-06,1908-09-22,baldo101,baldwo.01
baldwre01,1954,8,19,USA,MI,River Rouge,,,,,,,Reggie,Baldwin,Reginald Conrad,195,73,R,R,1978-05-25,1979-09-24,baldr102,baldwre01
baldwri01,1953,6,1,USA,CA,Fresno,,,,,,,Rick,Baldwin,Rickey Alan,180,75,L,R,1975-04-10,1977-10-02,baldr101,baldwri01
balejo01,1974,5,22,USA,MD,Cheverly,,,,,,,John,Bale,John Robert,210,76,L,L,1999-09-30,2009-10-02,balej001,balejo01
balenmi01,1886,7,3,USA,OK,Calumet,1955,8,4,USA,OK,Altus,Mike,Balenti,Michael Richard,175,71,R,R,1911-07-19,1913-09-22,balem101,balenmi01
balenwl01,1984,7,2,Curacao,,Willemstad,,,,,,,Wladimir,Balentien,Wladimir Ramon,220,74,R,R,2007-09-04,2009-10-02,balew001,balenwl01
balesco01,1986,6,6,USA,CA,Huntington Beach,,,,,,,Collin,Balester,Collin Thomas,190,76,R,R,2008-07-01,2015-10-02,balec001,balesco01
balesle01,1944,12,4,USA,CA,Los Angeles,,,,,,,Lee,Bales,Wesley Owen,165,70,B,R,1966-08-07,1967-10-01,balel101,balesle01
balfogr01,1977,12,30,Australia,New South Wales,Sydney,,,,,,,Grant,Balfour,Grant Robert,200,74,R,R,2001-07-22,2015-04-18,balfg001,balfogr01
ballaje01,1963,8,13,USA,MT,Billings,,,,,,,Jeff,Ballard,Jeffrey Scott,195,75,L,L,1987-05-09,1994-07-08,ballj002,ballaje01
ballar01,1872,4,,USA,IN,Madison,1915,12,26,USA,IL,Chicago,Art,Ball,Arthur,168,,,R,1894-08-01,1898-10-15,balla101,ballar01
balleja01,1960,10,6,USA,OR,Stayton,,,,,,,Jay,Baller,Jay Scott,215,78,R,R,1982-09-19,1992-08-31,ballj001,balleja01
ballepe01,1894,2,6,USA,SC,Gilreath Mill,1948,12,8,USA,SC,Gantt,Pelham,Ballenger,Pelham Ashby,160,71,R,R,1928-05-07,1928-05-12,ballp101,ballepe01
ballima01,1949,1,31,USA,CA,Glendale,2014,6,13,USA,FL,Okeechobee,Mark,Ballinger,Mark Alan,205,78,R,R,1971-08-06,1971-09-25,ballm101,ballima01
ballje01,1969,4,17,USA,CA,Merced,,,,,,,Jeff,Ball,Jeffery D.,185,70,R,R,1998-06-10,1998-06-16,ballj003,ballje01
ballji01,1884,2,22,USA,MD,Harford County,1963,4,7,USA,CA,Glendale,Jim,Ball,James Chandler,175,71,R,R,1907-09-21,1908-06-17,ballj101,ballji01
ballne01,1881,4,22,USA,MI,Grand Haven,1957,10,15,USA,CT,Bridgeport,Neal,Ball,Cornelius,145,67,R,R,1907-09-12,1913-06-30,balln101,ballne01
ballowi01,1897,11,30,USA,KY,Mount Morgan,1963,1,29,USA,CA,San Francisco,Win,Ballou,Noble Winfred,170,70,R,R,1925-08-24,1929-09-15,ballw101,ballowi01
balsato01,1937,11,21,USA,NY,Brooklyn,,,,,,,Tony,Balsamo,Anthony Fred,185,74,R,R,1962-04-14,1962-06-26,balst101,balsato01
bambege01,1923,8,1,USA,NY,Staten Island,2004,4,4,USA,FL,North Redington Beach,George,Bamberger,George Irvin,175,72,R,R,1951-04-19,1959-04-22,bambg101,bambege01
bambeha01,1924,10,29,USA,PA,Lebanon,2010,11,14,USA,PA,Reading,Hal,Bamberger,Harold Earl,173,72,L,R,1948-09-15,1948-10-03,bambh101,bambeha01
banckst01,1853,,,USA,PA,Philadelphia,1888,10,7,USA,PA,Philadelphia,Studs,Bancker,John V.,,,,,1875-04-19,1875-06-05,bancs101,banckst01
bancrda01,1891,4,20,USA,IA,Sioux City,1972,10,9,USA,WI,Superior,Dave,Bancroft,David James,160,69,B,R,1915-04-14,1930-05-31,bancd101,bancrda01
bancrfr99,1846,5,9,USA,MA,Lancaster,1921,3,30,USA,OH,Cincinnati,Frank,Bancroft,Frank Carter,,,,,,,bancf801,bancrfr99
bandaan01,1993,8,10,USA,TX,Corpus Christi,,,,,,,Anthony,Banda,Frank Anthony,190,74,L,L,2017-07-22,2017-10-01,banda001,bandaan01